,Secteur,Scenario
0,1,3
6,2,3
11,3,11
17,4,11
19,5,11
21,6,11
24,1,3
30,2,3
35,3,11
41,4,11
43,5,11
45,6,11
48,1,3
54,2,3
59,3,11
65,4,11
67,5,11
69,6,11
72,1,3
78,2,3
83,3,11
89,4,11
91,5,11
93,6,11
96,1,3
102,2,3
107,3,11
113,4,11
115,5,11
117,6,11
120,1,3
126,2,15
131,3,11
137,4,11
139,5,11
141,6,11
144,1,3
150,2,3
155,3,11
161,4,11
163,5,11
165,6,11
168,1,3
174,2,15
179,3,11
185,4,11
187,5,11
189,6,11
192,1,3
198,2,3
203,3,11
209,4,11
211,5,11
213,6,11
216,1,15
222,2,3
227,3,11
233,4,11
235,5,11
237,6,11
240,1,15
246,2,3
251,3,11
257,4,11
259,5,11
261,6,11
264,1,11
270,2,3
275,3,11
281,4,3
283,5,11
285,6,3
288,1,3
294,2,3
299,3,11
305,4,11
307,5,11
309,6,11
312,1,11
318,2,3
323,3,11
329,4,15
331,5,11
333,6,3
336,1,3
342,2,15
347,3,11
353,4,11
355,5,11
357,6,11
360,1,3
366,2,15
371,3,11
377,4,11
379,5,11
381,6,11
384,1,15
390,2,3
395,3,11
401,4,11
403,5,11
405,6,11
408,1,11
414,2,3
419,3,11
425,4,15
427,5,11
429,6,3
432,1,11
438,2,3
443,3,11
449,4,3
451,5,11
453,6,3
456,1,11
462,2,3
467,3,11
473,4,3
475,5,11
477,6,15
480,1,3
486,2,15
491,3,11
497,4,11
499,5,11
501,6,11
504,1,15
510,2,3
515,3,11
521,4,11
523,5,11
525,6,11
528,1,11
534,2,3
539,3,11
545,4,15
547,5,11
549,6,3
552,1,3
558,2,15
563,3,11
569,4,11
571,5,11
573,6,11
576,1,11
582,2,3
587,3,11
593,4,3
595,5,11
597,6,3
600,1,11
606,2,3
611,3,11
617,4,2
619,5,11
621,6,3
624,1,3
630,2,15
635,3,11
641,4,11
643,5,11
645,6,11
648,1,3
654,2,15
659,3,11
665,4,11
667,5,11
669,6,11
672,1,15
678,2,3
683,3,11
689,4,11
691,5,11
693,6,11
696,1,3
702,2,15
707,3,11
713,4,11
715,5,11
717,6,11
720,1,3
726,2,15
731,3,11
737,4,11
739,5,11
741,6,11
744,1,15
750,2,3
755,3,11
761,4,11
763,5,11
765,6,11
768,1,11
774,2,3
779,3,11
785,4,3
787,5,11
789,6,3
792,1,15
798,2,3
803,3,11
809,4,11
811,5,11
813,6,11
816,1,3
822,2,15
827,3,11
833,4,11
835,5,11
837,6,11
840,1,15
846,2,15
851,3,11
857,4,11
859,5,11
861,6,11
864,1,15
870,2,3
875,3,11
881,4,11
883,5,11
885,6,11
888,1,15
894,2,15
899,3,11
905,4,11
907,5,11
909,6,11
912,1,15
918,2,3
923,3,11
929,4,11
931,5,11
933,6,11
936,1,11
942,2,15
947,3,11
953,4,3
955,5,11
957,6,3
960,1,15
966,2,3
971,3,11
977,4,11
979,5,11
981,6,11
984,1,15
990,2,3
995,3,11
1001,4,11
1003,5,11
1005,6,11
1008,1,3
1014,2,2
1019,3,11
1025,4,11
1027,5,11
1029,6,11
1032,1,11
1038,2,3
1043,3,11
1049,4,15
1051,5,11
1053,6,3
1056,1,11
1062,2,3
1067,3,11
1073,4,15
1075,5,11
1077,6,15
1080,1,3
1086,2,2
1091,3,11
1097,4,11
1099,5,11
1101,6,11
1104,1,11
1110,2,3
1115,3,3
1121,4,11
1123,5,11
1125,6,11
1128,1,11
1134,2,3
1139,3,11
1145,4,11
1147,5,3
1149,6,3
1152,1,11
1158,2,3
1163,3,3
1169,4,11
1171,5,11
1173,6,11
1176,1,11
1182,2,3
1187,3,3
1193,4,11
1195,5,11
1197,6,11
1200,1,11
1206,2,3
1211,3,11
1217,4,15
1219,5,11
1221,6,3
1224,1,2
1230,2,3
1235,3,11
1241,4,11
1243,5,11
1245,6,11
1248,1,11
1254,2,3
1259,3,11
1265,4,11
1267,5,3
1269,6,3
1272,1,2
1278,2,3
1283,3,11
1289,4,11
1291,5,11
1293,6,11
1296,1,3
1302,2,3
1307,3,11
1313,4,11
1315,5,11
1317,6,11
1320,1,11
1326,2,3
1331,3,11
1337,4,3
1339,5,11
1341,6,15
1344,1,3
1350,2,15
1355,3,11
1361,4,11
1363,5,11
1365,6,11
1368,1,3
1374,2,3
1379,3,11
1385,4,11
1387,5,11
1389,6,11
1392,1,11
1398,2,15
1403,3,11
1409,4,15
1411,5,11
1413,6,3
1416,1,11
1422,2,3
1427,3,11
1433,4,15
1435,5,11
1437,6,3
1440,1,15
1446,2,3
1451,3,11
1457,4,11
1459,5,11
1461,6,11
1464,1,11
1470,2,3
1475,3,11
1481,4,15
1483,5,11
1485,6,15
1488,1,11
1494,2,3
1499,3,11
1505,4,3
1507,5,11
1509,6,15
1512,1,11
1518,2,3
1523,3,11
1529,4,3
1531,5,11
1533,6,15
1536,1,11
1542,2,3
1547,3,11
1553,4,15
1555,5,11
1557,6,3
1560,1,11
1566,2,3
1571,3,11
1577,4,15
1579,5,11
1581,6,15
1584,1,15
1590,2,15
1595,3,11
1601,4,11
1603,5,11
1605,6,11
1608,1,3
1614,2,15
1619,3,11
1625,4,11
1627,5,11
1629,6,11
1632,1,3
1638,2,3
1643,3,11
1649,4,11
1651,5,11
1653,6,11
1656,1,11
1662,2,3
1667,3,11
1673,4,15
1675,5,11
1677,6,3
1680,1,11
1686,2,3
1691,3,11
1697,4,2
1699,5,11
1701,6,3
1704,1,11
1710,2,3
1715,3,11
1721,4,3
1723,5,11
1725,6,15
1728,1,11
1734,2,3
1739,3,11
1745,4,11
1747,5,15
1749,6,3
1752,1,11
1758,2,3
1763,3,11
1769,4,2
1771,5,11
1773,6,3
1776,1,11
1782,2,3
1787,3,11
1793,4,2
1795,5,11
1797,6,15
1800,1,3
1806,2,15
1811,3,11
1817,4,11
1819,5,11
1821,6,11
1824,1,3
1830,2,3
1835,3,11
1841,4,11
1843,5,11
1845,6,11
1848,1,11
1854,2,3
1859,3,11
1865,4,15
1867,5,11
1869,6,3
1872,1,11
1878,2,3
1883,3,11
1889,4,3
1891,5,11
1893,6,2
1896,1,11
1902,2,3
1907,3,3
1913,4,11
1915,5,11
1917,6,11
1920,1,3
1926,2,15
1931,3,11
1937,4,11
1939,5,11
1941,6,11
1944,1,15
1950,2,3
1955,3,11
1961,4,11
1963,5,11
1965,6,11
1968,1,11
1974,2,3
1979,3,11
1985,4,11
1987,5,15
1989,6,3
1992,1,11
1998,2,3
2003,3,11
2009,4,2
2011,5,11
2013,6,3
2016,1,11
2022,2,3
2027,3,11
2033,4,3
2035,5,11
2037,6,3
2040,1,11
2046,2,3
2051,3,11
2057,4,3
2059,5,11
2061,6,15
2064,1,3
2070,2,15
2075,3,11
2081,4,11
2083,5,11
2085,6,11
2088,1,11
2094,2,3
2099,3,3
2105,4,11
2107,5,11
2109,6,11
2112,1,15
2118,2,3
2123,3,11
2129,4,11
2131,5,11
2133,6,11
2136,1,15
2142,2,15
2147,3,11
2153,4,11
2155,5,11
2157,6,11
2160,1,11
2166,2,15
2171,3,11
2177,4,15
2179,5,11
2181,6,3
2184,1,11
2190,2,15
2195,3,11
2201,4,3
2203,5,11
2205,6,3
2208,1,11
2214,2,3
2219,3,11
2225,4,3
2227,5,11
2229,6,3
2232,1,11
2238,2,3
2243,3,11
2249,4,15
2251,5,11
2253,6,15
2256,1,11
2262,2,15
2267,3,11
2273,4,3
2275,5,11
2277,6,15
2280,1,3
2286,2,11
2291,3,11
2297,4,3
2299,5,11
2301,6,3
2304,1,3
2310,2,15
2315,3,11
2321,4,11
2323,5,11
2325,6,11
2328,1,11
2334,2,3
2339,3,11
2345,4,3
2347,5,11
2349,6,3
2352,1,15
2358,2,3
2363,3,11
2369,4,11
2371,5,11
2373,6,11
2376,1,15
2382,2,15
2387,3,11
2393,4,11
2395,5,11
2397,6,11
2400,1,11
2406,2,15
2411,3,11
2417,4,15
2419,5,11
2421,6,3
2424,1,11
2430,2,3
2435,3,11
2441,4,3
2443,5,11
2445,6,3
2448,1,3
2454,2,15
2459,3,11
2465,4,11
2467,5,11
2469,6,11
2472,1,11
2478,2,3
2483,3,3
2489,4,11
2491,5,11
2493,6,11
2496,1,11
2502,2,3
2507,3,11
2513,4,15
2515,5,11
2517,6,15
2520,1,15
2526,2,3
2531,3,11
2537,4,11
2539,5,11
2541,6,11
2544,1,11
2550,2,3
2555,3,11
2561,4,15
2563,5,11
2565,6,15
2568,1,3
2574,2,15
2579,3,11
2585,4,11
2587,5,11
2589,6,11
2592,1,15
2598,2,15
2603,3,11
2609,4,11
2611,5,11
2613,6,11
2616,1,11
2622,2,15
2627,3,11
2633,4,3
2635,5,11
2637,6,3
2640,1,3
2646,2,2
2651,3,11
2657,4,11
2659,5,11
2661,6,11
2664,1,3
2670,2,11
2675,3,11
2681,4,3
2683,5,11
2685,6,3
2688,1,11
2694,2,15
2699,3,11
2705,4,2
2707,5,11
2709,6,3
2712,1,11
2718,2,3
2723,3,11
2729,4,11
2731,5,3
2733,6,15
2736,1,3
2742,2,15
2747,3,11
2753,4,11
2755,5,11
2757,6,11
2760,1,15
2766,2,15
2771,3,11
2777,4,11
2779,5,11
2781,6,11
2784,1,15
2790,2,3
2795,3,11
2801,4,11
2803,5,11
2805,6,11
2808,1,3
2814,2,2
2819,3,11
2825,4,11
2827,5,11
2829,6,11
2832,1,15
2838,2,15
2843,3,11
2849,4,11
2851,5,11
2853,6,11
2856,1,11
2862,2,15
2867,3,11
2873,4,3
2875,5,11
2877,6,3
2880,1,11
2886,2,3
2891,3,11
2897,4,11
2899,5,15
2901,6,3
2904,1,11
2910,2,3
2915,3,11
2921,4,11
2923,5,3
2925,6,3
2928,1,3
2934,2,15
2939,3,11
2945,4,11
2947,5,11
2949,6,11
2952,1,11
2958,2,3
2963,3,11
2969,4,15
2971,5,11
2973,6,15
2976,1,15
2982,2,3
2987,3,11
2993,4,11
2995,5,11
2997,6,11
3000,1,11
3006,2,3
3011,3,3
3017,4,11
3019,5,11
3021,6,11
3024,1,15
3030,2,15
3035,3,11
3041,4,11
3043,5,11
3045,6,11
3048,1,3
3054,2,15
3059,3,11
3065,4,11
3067,5,11
3069,6,11
3072,1,15
3078,2,15
3083,3,11
3089,4,11
3091,5,11
3093,6,11
3096,1,11
3102,2,3
3107,3,11
3113,4,11
3115,5,15
3117,6,3
3120,1,11
3126,2,15
3131,3,11
3137,4,3
3139,5,11
3141,6,3
3144,1,15
3150,2,15
3155,3,11
3161,4,11
3163,5,11
3165,6,11
3168,1,15
3174,2,3
3179,3,11
3185,4,11
3187,5,11
3189,6,11
3192,1,11
3198,2,3
3203,3,11
3209,4,11
3211,5,3
3213,6,15
3216,1,11
3222,2,3
3227,3,11
3233,4,15
3235,5,11
3237,6,2
3240,1,2
3246,2,3
3251,3,11
3257,4,11
3259,5,11
3261,6,11
3264,1,15
3270,2,15
3275,3,11
3281,4,11
3283,5,11
3285,6,11
3288,1,15
3294,2,15
3299,3,11
3305,4,11
3307,5,11
3309,6,11
3312,1,11
3318,2,3
3323,3,11
3329,4,11
3331,5,15
3333,6,3
3336,1,11
3342,2,3
3347,3,11
3353,4,11
3355,5,3
3357,6,3
3360,1,11
3366,2,15
3371,3,11
3377,4,3
3379,5,11
3381,6,3
3384,1,15
3390,2,3
3395,3,11
3401,4,11
3403,5,11
3405,6,11
3408,1,15
3414,2,15
3419,3,11
3425,4,11
3427,5,11
3429,6,11
3432,1,11
3438,2,3
3443,3,11
3449,4,11
3451,5,2
3453,6,3
3456,1,15
3462,2,15
3467,3,11
3473,4,11
3475,5,11
3477,6,11
3480,1,2
3486,2,3
3491,3,11
3497,4,11
3499,5,11
3501,6,11
3504,1,11
3510,2,3
3515,3,11
3521,4,11
3523,5,15
3525,6,3
3528,1,15
3534,2,3
3539,3,11
3545,4,11
3547,5,11
3549,6,11
3552,1,15
3558,2,15
3563,3,11
3569,4,11
3571,5,11
3573,6,11
3576,1,11
3582,2,3
3587,3,11
3593,4,15
3595,5,11
3597,6,15
3600,1,11
3606,2,3
3611,3,11
3617,4,3
3619,5,11
3621,6,15
3624,1,3
3630,2,2
3635,3,11
3641,4,11
3643,5,11
3645,6,11
3648,1,15
3654,2,3
3659,3,11
3665,4,11
3667,5,11
3669,6,11
3672,1,11
3678,2,3
3683,3,11
3689,4,15
3691,5,11
3693,6,15
3696,1,11
3702,2,15
3707,3,11
3713,4,15
3715,5,11
3717,6,3
3720,1,3
3726,2,3
3731,3,11
3737,4,11
3739,5,11
3741,6,11
3744,1,11
3750,2,15
3755,3,11
3761,4,15
3763,5,11
3765,6,15
3768,1,3
3774,2,2
3779,3,11
3785,4,11
3787,5,11
3789,6,11
3792,1,3
3798,2,11
3803,3,11
3809,4,15
3811,5,11
3813,6,3
3816,1,11
3822,2,15
3827,3,3
3833,4,11
3835,5,11
3837,6,11
3840,1,11
3846,2,3
3851,3,11
3857,4,11
3859,5,2
3861,6,3
3864,1,11
3870,2,3
3875,3,11
3881,4,11
3883,5,3
3885,6,3
3888,1,11
3894,2,3
3899,3,11
3905,4,15
3907,5,11
3909,6,15
3912,1,11
3918,2,3
3923,3,11
3929,4,15
3931,5,11
3933,6,15
3936,1,11
3942,2,15
3947,3,11
3953,4,11
3955,5,3
3957,6,3
3960,1,11
3966,2,3
3971,3,11
3977,4,3
3979,5,11
3981,6,15
3984,1,3
3990,2,2
3995,3,11
4001,4,11
4003,5,11
4005,6,11
4008,1,15
4014,2,2
4019,3,11
4025,4,11
4027,5,11
4029,6,11
4032,1,11
4038,2,3
4043,3,11
4049,4,15
4051,5,11
4053,6,3
4056,1,3
4062,2,3
4067,3,11
4073,4,11
4075,5,11
4077,6,11
4080,1,11
4086,2,3
4091,3,11
4097,4,3
4099,5,11
4101,6,15
4104,1,11
4110,2,15
4115,3,3
4121,4,11
4123,5,11
4125,6,11
4128,1,11
4134,2,3
4139,3,11
4145,4,2
4147,5,11
4149,6,15
4152,1,11
4158,2,3
4163,3,11
4169,4,15
4171,5,11
4173,6,15
4176,1,11
4182,2,3
4187,3,11
4193,4,15
4195,5,11
4197,6,15
4200,1,11
4206,2,15
4211,3,3
4217,4,11
4219,5,11
4221,6,11
4224,1,15
4230,2,2
4235,3,11
4241,4,11
4243,5,11
4245,6,11
4248,1,11
4254,2,15
4259,3,11
4265,4,15
4267,5,11
4269,6,3
4272,1,11
4278,2,2
4283,3,11
4289,4,3
4291,5,11
4293,6,3
4296,1,3
4302,2,11
4307,3,11
4313,4,15
4315,5,11
4317,6,3
4320,1,2
4326,2,3
4331,3,11
4337,4,11
4339,5,11
4341,6,11
4344,1,3
4350,2,15
4355,3,11
4361,4,11
4363,5,11
4365,6,11
4368,1,2
4374,2,15
4379,3,11
4385,4,11
4387,5,11
4389,6,11
4392,1,11
4398,2,3
4403,3,11
4409,4,11
4411,5,3
4413,6,3
4416,1,11
4422,2,3
4427,3,11
4433,4,15
4435,5,11
4437,6,15
4440,1,11
4446,2,15
4451,3,11
4457,4,11
4459,5,3
4461,6,3
4464,1,11
4470,2,3
4475,3,11
4481,4,3
4483,5,11
4485,6,15
4488,1,11
4494,2,3
4499,3,11
4505,4,2
4507,5,11
4509,6,3
4512,1,11
4518,2,3
4523,3,11
4529,4,2
4531,5,11
4533,6,15
4536,1,11
4542,2,3
4547,3,11
4553,4,11
4555,5,15
4557,6,15
4560,1,11
4566,2,3
4571,3,11
4577,4,2
4579,5,11
4581,6,15
4584,1,11
4590,2,15
4595,3,11
4601,4,15
4603,5,11
4605,6,3
4608,1,11
4614,2,3
4619,3,3
4625,4,11
4627,5,11
4629,6,11
4632,1,11
4638,2,3
4643,3,11
4649,4,2
4651,5,11
4653,6,15
4656,1,2
4662,2,3
4667,3,11
4673,4,11
4675,5,11
4677,6,11
4680,1,11
4686,2,3
4691,3,15
4697,4,11
4699,5,11
4701,6,11
4704,1,2
4710,2,15
4715,3,11
4721,4,11
4723,5,11
4725,6,11
4728,1,3
4734,2,3
4739,3,11
4745,4,11
4747,5,11
4749,6,11
4752,1,11
4758,2,3
4763,3,11
4769,4,3
4771,5,11
4773,6,15
4776,1,11
4782,2,3
4787,3,11
4793,4,15
4795,5,11
4797,6,15
4800,1,11
4806,2,3
4811,3,11
4817,4,15
4819,5,11
4821,6,2
4824,1,11
4830,2,3
4835,3,11
4841,4,3
4843,5,11
4845,6,2
4848,1,11
4854,2,3
4859,3,11
4865,4,11
4867,5,15
4869,6,3
4872,1,2
4878,2,3
4883,3,11
4889,4,11
4891,5,11
4893,6,11
4896,1,11
4902,2,3
4907,3,3
4913,4,11
4915,5,11
4917,6,11
4920,1,11
4926,2,3
4931,3,15
4937,4,11
4939,5,11
4941,6,11
4944,1,11
4950,2,3
4955,3,11
4961,4,15
4963,5,11
4965,6,2
4968,1,3
4974,2,3
4979,3,11
4985,4,11
4987,5,11
4989,6,11
4992,1,11
4998,2,3
5003,3,15
5009,4,11
5011,5,11
5013,6,11
5016,1,3
5022,2,15
5027,3,11
5033,4,11
5035,5,11
5037,6,11
5040,1,11
5046,2,3
5051,3,11
5057,4,2
5059,5,11
5061,6,3
5064,1,3
5070,2,3
5075,3,11
5081,4,11
5083,5,11
5085,6,11
5088,1,11
5094,2,15
5099,3,11
5105,4,3
5107,5,11
5109,6,15
5112,1,15
5118,2,15
5123,3,11
5129,4,11
5131,5,11
5133,6,11
5136,1,11
5142,2,3
5147,3,11
5153,4,11
5155,5,15
5157,6,15
5160,1,15
5166,2,3
5171,3,11
5177,4,11
5179,5,11
5181,6,11
5184,1,11
5190,2,3
5195,3,11
5201,4,3
5203,5,11
5205,6,15
5208,1,11
5214,2,3
5219,3,11
5225,4,2
5227,5,11
5229,6,15
5232,1,11
5238,2,3
5243,3,11
5249,4,3
5251,5,11
5253,6,15
5256,1,11
5262,2,15
5267,3,11
5273,4,15
5275,5,11
5277,6,3
5280,1,3
5286,2,3
5291,3,11
5297,4,11
5299,5,11
5301,6,11
5304,1,11
5310,2,3
5315,3,11
5321,4,3
5323,5,11
5325,6,2
5328,1,11
5334,2,3
5339,3,11
5345,4,11
5347,5,15
5349,6,3
5352,1,11
5358,2,3
5363,3,11
5369,4,2
5371,5,11
5373,6,2
5376,1,15
5382,2,15
5387,3,11
5393,4,11
5395,5,11
5397,6,11
5400,1,3
5406,2,3
5411,3,11
5417,4,11
5419,5,11
5421,6,11
5424,1,15
5430,2,3
5435,3,11
5441,4,11
5443,5,11
5445,6,11
5448,1,11
5454,2,15
5459,3,11
5465,4,15
5467,5,11
5469,6,3
5472,1,15
5478,2,15
5483,3,11
5489,4,11
5491,5,11
5493,6,11
5496,1,11
5502,2,3
5507,3,11
5513,4,3
5515,5,11
5517,6,3
5520,1,11
5526,2,3
5531,3,11
5537,4,15
5539,5,11
5541,6,15
5544,1,11
5550,2,15
5555,3,11
5561,4,15
5563,5,11
5565,6,15
5568,1,11
5574,2,15
5579,3,11
5585,4,3
5587,5,11
5589,6,15
5592,1,3
5598,2,11
5603,3,11
5609,4,15
5611,5,11
5613,6,3
5616,1,11
5622,2,15
5627,3,11
5633,4,3
5635,5,11
5637,6,15
5640,1,11
5646,2,3
5651,3,11
5657,4,3
5659,5,11
5661,6,15
5664,1,3
5670,2,11
5675,3,11
5681,4,3
5683,5,11
5685,6,15
5688,1,11
5694,2,3
5699,3,11
5705,4,2
5707,5,11
5709,6,3
5712,1,15
5718,2,3
5723,3,11
5729,4,11
5731,5,11
5733,6,11
5736,1,11
5742,2,3
5747,3,11
5753,4,3
5755,5,11
5757,6,15
5760,1,11
5766,2,15
5771,3,11
5777,4,15
5779,5,11
5781,6,3
5784,1,15
5790,2,15
5795,3,11
5801,4,11
5803,5,11
5805,6,11
5808,1,11
5814,2,3
5819,3,11
5825,4,11
5827,5,3
5829,6,15
5832,1,11
5838,2,15
5843,3,11
5849,4,15
5851,5,11
5853,6,15
5856,1,3
5862,2,11
5867,3,11
5873,4,15
5875,5,11
5877,6,3
5880,1,11
5886,2,3
5891,3,11
5897,4,15
5899,5,11
5901,6,3
5904,1,11
5910,2,3
5915,3,11
5921,4,3
5923,5,11
5925,6,3
5928,1,15
5934,2,3
5939,3,11
5945,4,11
5947,5,11
5949,6,11
5952,1,11
5958,2,3
5963,3,11
5969,4,3
5971,5,11
5973,6,3
5976,1,11
5982,2,3
5987,3,11
5993,4,3
5995,5,11
5997,6,2
6000,1,11
6006,2,3
6011,3,11
6017,4,15
6019,5,11
6021,6,15
6024,1,3
6030,2,3
6035,3,11
6041,4,11
6043,5,11
6045,6,11
6048,1,3
6054,2,15
6059,3,11
6065,4,11
6067,5,11
6069,6,11
6072,1,11
6078,2,3
6083,3,11
6089,4,15
6091,5,11
6093,6,3
6096,1,11
6102,2,15
6107,3,11
6113,4,15
6115,5,11
6117,6,3
6120,1,11
6126,2,3
6131,3,3
6137,4,11
6139,5,11
6141,6,11
6144,1,11
6150,2,3
6155,3,11
6161,4,3
6163,5,11
6165,6,3
6168,1,11
6174,2,3
6179,3,11
6185,4,15
6187,5,11
6189,6,15
6192,1,11
6198,2,15
6203,3,11
6209,4,2
6211,5,11
6213,6,3
6216,1,11
6222,2,15
6227,3,11
6233,4,3
6235,5,11
6237,6,15
6240,1,3
6246,2,11
6251,3,11
6257,4,15
6259,5,11
6261,6,3
6264,1,15
6270,2,15
6275,3,11
6281,4,11
6283,5,11
6285,6,11
6288,1,11
6294,2,15
6299,3,11
6305,4,11
6307,5,15
6309,6,3
6312,1,11
6318,2,3
6323,3,3
6329,4,11
6331,5,11
6333,6,11
6336,1,11
6342,2,15
6347,3,11
6353,4,2
6355,5,11
6357,6,3
6360,1,3
6366,2,2
6371,3,11
6377,4,11
6379,5,11
6381,6,11
6384,1,11
6390,2,3
6395,3,3
6401,4,11
6403,5,11
6405,6,11
6408,1,3
6414,2,11
6419,3,11
6425,4,3
6427,5,11
6429,6,15
6432,1,11
6438,2,15
6443,3,11
6449,4,2
6451,5,11
6453,6,15
6456,1,3
6462,2,11
6467,3,11
6473,4,2
6475,5,11
6477,6,3
6480,1,11
6486,2,3
6491,3,11
6497,4,11
6499,5,3
6501,6,15
6504,1,3
6510,2,3
6515,3,11
6521,4,11
6523,5,11
6525,6,11
6528,1,3
6534,2,15
6539,3,11
6545,4,11
6547,5,11
6549,6,11
6552,1,11
6558,2,15
6563,3,11
6569,4,15
6571,5,11
6573,6,3
6576,1,11
6582,2,3
6587,3,11
6593,4,11
6595,5,3
6597,6,15
6600,1,15
6606,2,15
6611,3,11
6617,4,11
6619,5,11
6621,6,11
6624,1,11
6630,2,15
6635,3,11
6641,4,3
6643,5,11
6645,6,2
6648,1,3
6654,2,11
6659,3,11
6665,4,15
6667,5,11
6669,6,3
6672,1,11
6678,2,2
6683,3,11
6689,4,15
6691,5,11
6693,6,3
6696,1,11
6702,2,3
6707,3,11
6713,4,3
6715,5,11
6717,6,3
6720,1,11
6726,2,15
6731,3,11
6737,4,15
6739,5,11
6741,6,3
6744,1,11
6750,2,15
6755,3,11
6761,4,3
6763,5,11
6765,6,3
6768,1,11
6774,2,15
6779,3,3
6785,4,11
6787,5,11
6789,6,11
6792,1,3
6798,2,3
6803,3,11
6809,4,11
6811,5,11
6813,6,11
6816,1,11
6822,2,15
6827,3,11
6833,4,3
6835,5,11
6837,6,15
6840,1,11
6846,2,3
6851,3,11
6857,4,2
6859,5,11
6861,6,3
6864,1,11
6870,2,3
6875,3,3
6881,4,11
6883,5,11
6885,6,11
6888,1,11
6894,2,3
6899,3,11
6905,4,11
6907,5,15
6909,6,15
6912,1,11
6918,2,3
6923,3,11
6929,4,11
6931,5,3
6933,6,15
6936,1,11
6942,2,3
6947,3,11
6953,4,15
6955,5,11
6957,6,15
6960,1,15
6966,2,15
6971,3,11
6977,4,11
6979,5,11
6981,6,11
6984,1,11
6990,2,15
6995,3,11
7001,4,15
7003,5,11
7005,6,3
7008,1,15
7014,2,15
7019,3,11
7025,4,11
7027,5,11
7029,6,11
7032,1,11
7038,2,15
7043,3,11
7049,4,11
7051,5,15
7053,6,3
7056,1,11
7062,2,3
7067,3,11
7073,4,11
7075,5,15
7077,6,3
7080,1,11
7086,2,15
7091,3,11
7097,4,2
7099,5,11
7101,6,3
7104,1,11
7110,2,15
7115,3,11
7121,4,3
7123,5,11
7125,6,3
7128,1,11
7134,2,3
7139,3,11
7145,4,11
7147,5,15
7149,6,15
7152,1,11
7158,2,3
7163,3,11
7169,4,11
7171,5,3
7173,6,15
7176,1,11
7182,2,15
7187,3,11
7193,4,3
7195,5,11
7197,6,15
7200,1,3
7206,2,11
7211,3,11
7217,4,3
7219,5,11
7221,6,3
7224,1,3
7230,2,11
7235,3,11
7241,4,2
7243,5,11
7245,6,3
7248,1,11
7254,2,3
7259,3,11
7265,4,15
7267,5,11
7269,6,2
7272,1,11
7278,2,15
7283,3,3
7289,4,11
7291,5,11
7293,6,11
7296,1,15
7302,2,2
7307,3,11
7313,4,11
7315,5,11
7317,6,11
7320,1,15
7326,2,15
7331,3,11
7337,4,11
7339,5,11
7341,6,11
7344,1,15
7350,2,15
7355,3,11
7361,4,11
7363,5,11
7365,6,11
7368,1,11
7374,2,3
7379,3,11
7385,4,11
7387,5,15
7389,6,3
7392,1,11
7398,2,15
7403,3,11
7409,4,3
7411,5,11
7413,6,3
7416,1,11
7422,2,15
7427,3,11
7433,4,15
7435,5,11
7437,6,3
7440,1,11
7446,2,3
7451,3,11
7457,4,3
7459,5,11
7461,6,3
7464,1,11
7470,2,3
7475,3,11
7481,4,11
7483,5,3
7485,6,2
7488,1,2
7494,2,3
7499,3,11
7505,4,11
7507,5,11
7509,6,11
7512,1,11
7518,2,3
7523,3,11
7529,4,11
7531,5,15
7533,6,15
7536,1,11
7542,2,15
7547,3,11
7553,4,3
7555,5,11
7557,6,3
7560,1,11
7566,2,3
7571,3,11
7577,4,11
7579,5,3
7581,6,15
7584,1,11
7590,2,15
7595,3,11
7601,4,2
7603,5,11
7605,6,3
7608,1,11
7614,2,15
7619,3,11
7625,4,3
7627,5,11
7629,6,15
7632,1,11
7638,2,15
7643,3,11
7649,4,3
7651,5,11
7653,6,3
7656,1,11
7662,2,15
7667,3,11
7673,4,15
7675,5,11
7677,6,15
7680,1,11
7686,2,3
7691,3,11
7697,4,11
7699,5,2
7701,6,15
7704,1,11
7710,2,3
7715,3,15
7721,4,11
7723,5,11
7725,6,11
7728,1,15
7734,2,15
7739,3,11
7745,4,11
7747,5,11
7749,6,11
7752,1,11
7758,2,3
7763,3,11
7769,4,11
7771,5,15
7773,6,3
7776,1,11
7782,2,15
7787,3,11
7793,4,15
7795,5,11
7797,6,3
7800,1,11
7806,2,15
7811,3,11
7817,4,3
7819,5,11
7821,6,3
7824,1,15
7830,2,15
7835,3,11
7841,4,11
7843,5,11
7845,6,11
7848,1,11
7854,2,3
7859,3,11
7865,4,11
7867,5,15
7869,6,15
7872,1,11
7878,2,3
7883,3,11
7889,4,15
7891,5,11
7893,6,15
7896,1,15
7902,2,15
7907,3,11
7913,4,11
7915,5,11
7917,6,11
7920,1,2
7926,2,15
7931,3,11
7937,4,11
7939,5,11
7941,6,11
7944,1,3
7950,2,11
7955,3,11
7961,4,3
7963,5,11
7965,6,3
7968,1,11
7974,2,3
7979,3,11
7985,4,15
7987,5,11
7989,6,2
7992,1,11
7998,2,3
8003,3,11
8009,4,11
8011,5,2
8013,6,3
8016,1,11
8022,2,3
8027,3,11
8033,4,11
8035,5,2
8037,6,3
8040,1,11
8046,2,15
8051,3,11
8057,4,3
8059,5,11
8061,6,3
8064,1,11
8070,2,3
8075,3,11
8081,4,11
8083,5,15
8085,6,3
8088,1,11
8094,2,3
8099,3,3
8105,4,11
8107,5,11
8109,6,11
8112,1,15
8118,2,15
8123,3,11
8129,4,11
8131,5,11
8133,6,11
8136,1,11
8142,2,15
8147,3,3
8153,4,11
8155,5,11
8157,6,11
8160,1,11
8166,2,3
8171,3,11
8177,4,15
8179,5,11
8181,6,15
8184,1,11
8190,2,3
8195,3,11
8201,4,11
8203,5,3
8205,6,2
8208,1,15
8214,2,11
8219,3,11
8225,4,3
8227,5,11
8229,6,3
8232,1,11
8238,2,15
8243,3,11
8249,4,3
8251,5,11
8253,6,3
8256,1,3
8262,2,11
8267,3,11
8273,4,3
8275,5,11
8277,6,3
8280,1,11
8286,2,15
8291,3,11
8297,4,15
8299,5,11
8301,6,15
8304,1,11
8310,2,15
8315,3,11
8321,4,3
8323,5,11
8325,6,3
8328,1,15
8334,2,15
8339,3,11
8345,4,11
8347,5,11
8349,6,11
8352,1,11
8358,2,15
8363,3,11
8369,4,15
8371,5,11
8373,6,15
8376,1,15
8382,2,15
8387,3,11
8393,4,11
8395,5,11
8397,6,11
8400,1,11
8406,2,3
8411,3,15
8417,4,11
8419,5,11
8421,6,11
8424,1,11
8430,2,15
8435,3,11
8441,4,2
8443,5,11
8445,6,3
8448,1,3
8454,2,11
8459,3,11
8465,4,15
8467,5,11
8469,6,15
8472,1,3
8478,2,3
8483,3,11
8489,4,11
8491,5,11
8493,6,11
8496,1,11
8502,2,3
8507,3,3
8513,4,11
8515,5,11
8517,6,11
8520,1,11
8526,2,3
8531,3,11
8537,4,11
8539,5,2
8541,6,15
8544,1,11
8550,2,3
8555,3,11
8561,4,15
8563,5,11
8565,6,15
8568,1,11
8574,2,3
8579,3,11
8585,4,11
8587,5,3
8589,6,15
8592,1,11
8598,2,15
8603,3,11
8609,4,11
8611,5,3
8613,6,15
8616,1,15
8622,2,15
8627,3,11
8633,4,11
8635,5,11
8637,6,11
8640,1,11
8646,2,3
8651,3,11
8657,4,15
8659,5,11
8661,6,3
8664,1,11
8670,2,3
8675,3,11
8681,4,15
8683,5,11
8685,6,15
8688,1,11
8694,2,3
8699,3,11
8705,4,15
8707,5,11
8709,6,3
8712,1,15
8718,2,15
8723,3,11
8729,4,11
8731,5,11
8733,6,11
8736,1,11
8742,2,3
8747,3,11
8753,4,11
8755,5,2
8757,6,3
8760,1,11
8766,2,3
8771,3,11
8777,4,2
8779,5,11
8781,6,15
8784,1,11
8790,2,3
8795,3,11
8801,4,11
8803,5,2
8805,6,3
8808,1,15
8814,2,15
8819,3,11
8825,4,11
8827,5,11
8829,6,11
8832,1,11
8838,2,3
8843,3,11
8849,4,11
8851,5,15
8853,6,15
8856,1,15
8862,2,15
8867,3,11
8873,4,11
8875,5,11
8877,6,11
8880,1,11
8886,2,3
8891,3,11
8897,4,2
8899,5,11
8901,6,15
8904,1,11
8910,2,3
8915,3,11
8921,4,11
8923,5,3
8925,6,3
8928,1,11
8934,2,3
8939,3,11
8945,4,15
8947,5,11
8949,6,15
8952,1,11
8958,2,15
8963,3,11
8969,4,11
8971,5,15
8973,6,3
8976,1,15
8982,2,15
8987,3,11
8993,4,11
8995,5,11
8997,6,11
9000,1,11
9006,2,15
9011,3,11
9017,4,11
9019,5,3
9021,6,3
9024,1,15
9030,2,2
9035,3,11
9041,4,11
9043,5,11
9045,6,11
9048,1,11
9054,2,3
9059,3,11
9065,4,11
9067,5,3
9069,6,3
9072,1,11
9078,2,3
9083,3,11
9089,4,15
9091,5,11
9093,6,15
9096,1,3
9102,2,11
9107,3,11
9113,4,11
9115,5,3
9117,6,3
9120,1,11
9126,2,3
9131,3,11
9137,4,3
9139,5,11
9141,6,2
9144,1,11
9150,2,2
9155,3,11
9161,4,15
9163,5,11
9165,6,3
9168,1,15
9174,2,11
9179,3,11
9185,4,3
9187,5,11
9189,6,3
9192,1,15
9198,2,15
9203,3,11
9209,4,11
9211,5,11
9213,6,11
9216,1,11
9222,2,2
9227,3,11
9233,4,3
9235,5,11
9237,6,3
9240,1,11
9246,2,15
9251,3,11
9257,4,15
9259,5,11
9261,6,15
9264,1,15
9270,2,15
9275,3,11
9281,4,11
9283,5,11
9285,6,11
9288,1,15
9294,2,15
9299,3,11
9305,4,11
9307,5,11
9309,6,11
9312,1,11
9318,2,2
9323,3,11
9329,4,3
9331,5,11
9333,6,15
9336,1,11
9342,2,15
9347,3,3
9353,4,11
9355,5,11
9357,6,11
9360,1,11
9366,2,15
9371,3,11
9377,4,3
9379,5,11
9381,6,3
9384,1,3
9390,2,11
9395,3,11
9401,4,15
9403,5,11
9405,6,15
9408,1,3
9414,2,2
9419,3,11
9425,4,11
9427,5,11
9429,6,11
9432,1,15
9438,2,15
9443,3,11
9449,4,11
9451,5,11
9453,6,11
9456,1,11
9462,2,15
9467,3,11
9473,4,11
9475,5,15
9477,6,3
9480,1,11
9486,2,3
9491,3,11
9497,4,15
9499,5,11
9501,6,15
9504,1,11
9510,2,3
9515,3,15
9521,4,11
9523,5,11
9525,6,11
9528,1,11
9534,2,3
9539,3,11
9545,4,11
9547,5,3
9549,6,15
9552,1,15
9558,2,2
9563,3,11
9569,4,11
9571,5,11
9573,6,11
9576,1,15
9582,2,3
9587,3,11
9593,4,11
9595,5,11
9597,6,11
9600,1,11
9606,2,2
9611,3,11
9617,4,15
9619,5,11
9621,6,3
9624,1,15
9630,2,15
9635,3,11
9641,4,11
9643,5,11
9645,6,11
9648,1,11
9654,2,3
9659,3,11
9665,4,2
9667,5,11
9669,6,15
9672,1,11
9678,2,15
9683,3,11
9689,4,11
9691,5,3
9693,6,15
9696,1,11
9702,2,15
9707,3,11
9713,4,15
9715,5,11
9717,6,2
9720,1,11
9726,2,3
9731,3,11
9737,4,2
9739,5,11
9741,6,15
9744,1,11
9750,2,3
9755,3,11
9761,4,11
9763,5,15
9765,6,15
9768,1,11
9774,2,3
9779,3,11
9785,4,15
9787,5,11
9789,6,3
9792,1,11
9798,2,3
9803,3,11
9809,4,2
9811,5,11
9813,6,15
9816,1,11
9822,2,15
9827,3,11
9833,4,15
9835,5,11
9837,6,3
9840,1,11
9846,2,3
9851,3,11
9857,4,11
9859,5,3
9861,6,3
9864,1,15
9870,2,15
9875,3,11
9881,4,11
9883,5,11
9885,6,11
9888,1,3
9894,2,2
9899,3,11
9905,4,11
9907,5,11
9909,6,11
9912,1,11
9918,2,15
9923,3,11
9929,4,15
9931,5,11
9933,6,15
9936,1,11
9942,2,3
9947,3,11
9953,4,11
9955,5,15
9957,6,15
9960,1,11
9966,2,3
9971,3,11
9977,4,2
9979,5,11
9981,6,15
9984,1,2
9990,2,15
9995,3,11
10001,4,11
10003,5,11
10005,6,11
10008,1,11
10014,2,3
10019,3,11
10025,4,3
10027,5,11
10029,6,15
10032,1,11
10038,2,3
10043,3,11
10049,4,11
10051,5,3
10053,6,3
10056,1,11
10062,2,3
10067,3,11
10073,4,15
10075,5,11
10077,6,15
10080,1,11
10086,2,15
10091,3,3
10097,4,11
10099,5,11
10101,6,11
10104,1,11
10110,2,3
10115,3,11
10121,4,15
10123,5,11
10125,6,2
10128,1,15
10134,2,15
10139,3,11
10145,4,11
10147,5,11
10149,6,11
10152,1,11
10158,2,15
10163,3,11
10169,4,11
10171,5,15
10173,6,3
10176,1,11
10182,2,15
10187,3,11
10193,4,11
10195,5,3
10197,6,3
10200,1,3
10206,2,3
10211,3,11
10217,4,11
10219,5,11
10221,6,11
10224,1,11
10230,2,3
10235,3,11
10241,4,11
10243,5,3
10245,6,3
10248,1,15
10254,2,15
10259,3,11
10265,4,11
10267,5,11
10269,6,11
10272,1,3
10278,2,11
10283,3,11
10289,4,11
10291,5,3
10293,6,3
10296,1,11
10302,2,15
10307,3,11
10313,4,11
10315,5,3
10317,6,3
10320,1,15
10326,2,15
10331,3,11
10337,4,11
10339,5,11
10341,6,11
10344,1,11
10350,2,3
10355,3,11
10361,4,11
10363,5,15
10365,6,15
10368,1,11
10374,2,2
10379,3,11
10385,4,3
10387,5,11
10389,6,3
10392,1,11
10398,2,3
10403,3,3
10409,4,11
10411,5,11
10413,6,11
10416,1,11
10422,2,15
10427,3,11
10433,4,11
10435,5,2
10437,6,3
10440,1,11
10446,2,2
10451,3,11
10457,4,2
10459,5,11
10461,6,3
10464,1,11
10470,2,3
10475,3,11
10481,4,15
10483,5,11
10485,6,2
10488,1,15
10494,2,15
10499,3,11
10505,4,11
10507,5,11
10509,6,11
10512,1,3
10518,2,11
10523,3,11
10529,4,3
10531,5,11
10533,6,3
10536,1,2
10542,2,15
10547,3,11
10553,4,11
10555,5,11
10557,6,11
10560,1,11
10566,2,15
10571,3,11
10577,4,11
10579,5,15
10581,6,3
10584,1,11
10590,2,15
10595,3,3
10601,4,11
10603,5,11
10605,6,11
10608,1,15
10614,2,15
10619,3,11
10625,4,11
10627,5,11
10629,6,11
10632,1,11
10638,2,15
10643,3,3
10649,4,11
10651,5,11
10653,6,11
10656,1,11
10662,2,15
10667,3,11
10673,4,15
10675,5,11
10677,6,15
10680,1,3
10686,2,15
10691,3,11
10697,4,11
10699,5,11
10701,6,11
10704,1,11
10710,2,15
10715,3,11
10721,4,3
10723,5,11
10725,6,15
10728,1,11
10734,2,3
10739,3,11
10745,4,2
10747,5,11
10749,6,15
10752,1,11
10758,2,3
10763,3,11
10769,4,11
10771,5,15
10773,6,15
10776,1,11
10782,2,3
10787,3,11
10793,4,3
10795,5,11
10797,6,15
10800,1,11
10806,2,3
10811,3,11
10817,4,2
10819,5,11
10821,6,15
10824,1,11
10830,2,15
10835,3,11
10841,4,15
10843,5,11
10845,6,3
10848,1,11
10854,2,3
10859,3,11
10865,4,3
10867,5,11
10869,6,15
10872,1,11
10878,2,3
10883,3,3
10889,4,11
10891,5,11
10893,6,11
10896,1,3
10902,2,11
10907,3,11
10913,4,3
10915,5,11
10917,6,15
10920,1,11
10926,2,3
10931,3,11
10937,4,11
10939,5,3
10941,6,3
10944,1,15
10950,2,2
10955,3,11
10961,4,11
10963,5,11
10965,6,11
10968,1,11
10974,2,3
10979,3,15
10985,4,11
10987,5,11
10989,6,11
10992,1,15
10998,2,15
11003,3,11
11009,4,11
11011,5,11
11013,6,11
11016,1,11
11022,2,15
11027,3,11
11033,4,15
11035,5,11
11037,6,3
11040,1,11
11046,2,3
11051,3,11
11057,4,3
11059,5,11
11061,6,15
11064,1,11
11070,2,3
11075,3,11
11081,4,15
11083,5,11
11085,6,2
11088,1,11
11094,2,15
11099,3,11
11105,4,15
11107,5,11
11109,6,15
11112,1,2
11118,2,15
11123,3,11
11129,4,11
11131,5,11
11133,6,11
11136,1,11
11142,2,15
11147,3,11
11153,4,15
11155,5,11
11157,6,15
11160,1,11
11166,2,15
11171,3,3
11177,4,11
11179,5,11
11181,6,11
11184,1,11
11190,2,3
11195,3,11
11201,4,2
11203,5,11
11205,6,2
11208,1,11
11214,2,15
11219,3,11
11225,4,11
11227,5,3
11229,6,3
11232,1,11
11238,2,3
11243,3,11
11249,4,11
11251,5,15
11253,6,2
11256,1,11
11262,2,3
11267,3,11
11273,4,11
11275,5,15
11277,6,15
11280,1,11
11286,2,3
11291,3,11
11297,4,2
11299,5,11
11301,6,2
11304,1,15
11310,2,2
11315,3,11
11321,4,11
11323,5,11
11325,6,11
11328,1,11
11334,2,15
11339,3,11
11345,4,11
11347,5,2
11349,6,3
11352,1,11
11358,2,15
11363,3,11
11369,4,11
11371,5,3
11373,6,3
11376,1,11
11382,2,15
11387,3,11
11393,4,11
11395,5,3
11397,6,3
11400,1,11
11406,2,3
11411,3,11
11417,4,15
11419,5,11
11421,6,2
11424,1,11
11430,2,2
11435,3,11
11441,4,3
11443,5,11
11445,6,3
11448,1,11
11454,2,15
11459,3,11
11465,4,15
11467,5,11
11469,6,15
11472,1,11
11478,2,15
11483,3,11
11489,4,15
11491,5,11
11493,6,15
11496,1,15
11502,2,2
11507,3,11
11513,4,11
11515,5,11
11517,6,11
11520,1,11
11526,2,15
11531,3,11
11537,4,3
11539,5,11
11541,6,15
11544,1,2
11550,2,15
11555,3,11
11561,4,11
11563,5,11
11565,6,11
11568,1,11
11574,2,3
11579,3,11
11585,4,3
11587,5,11
11589,6,15
11592,1,11
11598,2,3
11603,3,11
11609,4,3
11611,5,11
11613,6,15
11616,1,3
11622,2,11
11627,3,11
11633,4,15
11635,5,11
11637,6,15
11640,1,3
11646,2,11
11651,3,11
11657,4,3
11659,5,11
11661,6,15
11664,1,11
11670,2,15
11675,3,11
11681,4,15
11683,5,11
11685,6,3
11688,1,11
11694,2,15
11699,3,3
11705,4,11
11707,5,11
11709,6,11
11712,1,11
11718,2,3
11723,3,11
11729,4,2
11731,5,11
11733,6,3
11736,1,11
11742,2,15
11747,3,11
11753,4,3
11755,5,11
11757,6,15
11760,1,11
11766,2,3
11771,3,11
11777,4,2
11779,5,11
11781,6,15
11784,1,11
11790,2,3
11795,3,11
11801,4,3
11803,5,11
11805,6,15
11808,1,11
11814,2,15
11819,3,3
11825,4,11
11827,5,11
11829,6,11
11832,1,3
11838,2,11
11843,3,11
11849,4,3
11851,5,11
11853,6,15
11856,1,15
11862,2,3
11867,3,11
11873,4,11
11875,5,11
11877,6,11
11880,1,11
11886,2,15
11891,3,11
11897,4,2
11899,5,11
11901,6,15
11904,1,11
11910,2,15
11915,3,11
11921,4,15
11923,5,11
11925,6,15
11928,1,15
11934,2,2
11939,3,11
11945,4,11
11947,5,11
11949,6,11
11952,1,15
11958,2,11
11963,3,11
11969,4,15
11971,5,11
11973,6,3
11976,1,11
11982,2,15
11987,3,11
11993,4,15
11995,5,11
11997,6,3
12000,1,3
12006,2,11
12011,3,11
12017,4,15
12019,5,11
12021,6,3
12024,1,11
12030,2,15
12035,3,11
12041,4,15
12043,5,11
12045,6,15
12048,1,11
12054,2,3
12059,3,11
12065,4,15
12067,5,11
12069,6,3
12072,1,11
12078,2,3
12083,3,11
12089,4,15
12091,5,11
12093,6,3
12096,1,11
12102,2,3
12107,3,11
12113,4,3
12115,5,11
12117,6,3
12120,1,3
12126,2,11
12131,3,11
12137,4,15
12139,5,11
12141,6,15
12144,1,11
12150,2,3
12155,3,11
12161,4,3
12163,5,11
12165,6,15
12168,1,15
12174,2,2
12179,3,11
12185,4,11
12187,5,11
12189,6,11
12192,1,11
12198,2,3
12203,3,11
12209,4,11
12211,5,15
12213,6,2
12216,1,11
12222,2,3
12227,3,11
12233,4,2
12235,5,11
12237,6,2
12240,1,2
12246,2,15
12251,3,11
12257,4,11
12259,5,11
12261,6,11
12264,1,11
12270,2,3
12275,3,11
12281,4,3
12283,5,11
12285,6,2
12288,1,15
12294,2,2
12299,3,11
12305,4,11
12307,5,11
12309,6,11
12312,1,2
12318,2,3
12323,3,11
12329,4,11
12331,5,11
12333,6,11
12336,1,11
12342,2,15
12347,3,11
12353,4,3
12355,5,11
12357,6,15
12360,1,11
12366,2,15
12371,3,11
12377,4,11
12379,5,3
12381,6,3
12384,1,2
12390,2,15
12395,3,11
12401,4,11
12403,5,11
12405,6,11
12408,1,11
12414,2,3
12419,3,11
12425,4,11
12427,5,15
12429,6,15
12432,1,15
12438,2,3
12443,3,11
12449,4,11
12451,5,11
12453,6,11
12456,1,11
12462,2,3
12467,3,11
12473,4,11
12475,5,3
12477,6,15
12480,1,11
12486,2,3
12491,3,11
12497,4,15
12499,5,11
12501,6,3
12504,1,3
12510,2,11
12515,3,11
12521,4,3
12523,5,11
12525,6,3
12528,1,11
12534,2,3
12539,3,11
12545,4,15
12547,5,11
12549,6,3
12552,1,11
12558,2,15
12563,3,11
12569,4,11
12571,5,3
12573,6,3
12576,1,11
12582,2,15
12587,3,11
12593,4,15
12595,5,11
12597,6,15
12600,1,11
12606,2,15
12611,3,11
12617,4,3
12619,5,11
12621,6,15
12624,1,15
12630,2,2
12635,3,11
12641,4,11
12643,5,11
12645,6,11
12648,1,11
12654,2,15
12659,3,11
12665,4,2
12667,5,11
12669,6,3
12672,1,11
12678,2,3
12683,3,11
12689,4,3
12691,5,11
12693,6,15
12696,1,11
12702,2,15
12707,3,11
12713,4,2
12715,5,11
12717,6,15
12720,1,3
12726,2,11
12731,3,11
12737,4,15
12739,5,11
12741,6,15
12744,1,3
12750,2,11
12755,3,11
12761,4,2
12763,5,11
12765,6,3
12768,1,3
12774,2,11
12779,3,11
12785,4,3
12787,5,11
12789,6,15
12792,1,2
12798,2,15
12803,3,11
12809,4,11
12811,5,11
12813,6,11
12816,1,11
12822,2,3
12827,3,11
12833,4,2
12835,5,11
12837,6,3
12840,1,11
12846,2,15
12851,3,11
12857,4,11
12859,5,15
12861,6,15
12864,1,11
12870,2,15
12875,3,11
12881,4,2
12883,5,11
12885,6,15
12888,1,11
12894,2,15
12899,3,3
12905,4,11
12907,5,11
12909,6,11
12912,1,11
12918,2,15
12923,3,11
12929,4,2
12931,5,11
12933,6,15
12936,1,2
12942,2,3
12947,3,11
12953,4,11
12955,5,11
12957,6,11
12960,1,11
12966,2,3
12971,3,15
12977,4,11
12979,5,11
12981,6,11
12984,1,2
12990,2,15
12995,3,11
13001,4,11
13003,5,11
13005,6,11
13008,1,11
13014,2,3
13019,3,11
13025,4,3
13027,5,11
13029,6,3
13032,1,11
13038,2,15
13043,3,15
13049,4,11
13051,5,11
13053,6,11
13056,1,3
13062,2,11
13067,3,11
13073,4,2
13075,5,11
13077,6,15
13080,1,11
13086,2,3
13091,3,11
13097,4,11
13099,5,15
13101,6,15
13104,1,3
13110,2,15
13115,3,11
13121,4,11
13123,5,11
13125,6,11
13128,1,11
13134,2,15
13139,3,11
13145,4,3
13147,5,11
13149,6,15
13152,1,15
13158,2,15
13163,3,11
13169,4,11
13171,5,11
13173,6,11
13176,1,11
13182,2,15
13187,3,11
13193,4,15
13195,5,11
13197,6,15
13200,1,11
13206,2,15
13211,3,11
13217,4,15
13219,5,11
13221,6,2
13224,1,11
13230,2,3
13235,3,11
13241,4,15
13243,5,11
13245,6,2
13248,1,15
13254,2,11
13259,3,11
13265,4,15
13267,5,11
13269,6,3
13272,1,11
13278,2,3
13283,3,11
13289,4,15
13291,5,11
13293,6,3
13296,1,11
13302,2,3
13307,3,11
13313,4,3
13315,5,11
13317,6,3
13320,1,11
13326,2,15
13331,3,11
13337,4,3
13339,5,11
13341,6,2
13344,1,11
13350,2,2
13355,3,11
13361,4,15
13363,5,11
13365,6,3
13368,1,11
13374,2,3
13379,3,11
13385,4,3
13387,5,11
13389,6,2
13392,1,11
13398,2,15
13403,3,11
13409,4,15
13411,5,11
13413,6,3
13416,1,11
13422,2,15
13427,3,11
13433,4,11
13435,5,15
13437,6,3
13440,1,11
13446,2,3
13451,3,3
13457,4,11
13459,5,11
13461,6,11
13464,1,3
13470,2,11
13475,3,11
13481,4,15
13483,5,11
13485,6,15
13488,1,11
13494,2,2
13499,3,11
13505,4,15
13507,5,11
13509,6,15
13512,1,15
13518,2,15
13523,3,11
13529,4,11
13531,5,11
13533,6,11
13536,1,3
13542,2,11
13547,3,11
13553,4,3
13555,5,11
13557,6,2
13560,1,11
13566,2,3
13571,3,11
13577,4,2
13579,5,11
13581,6,3
13584,1,2
13590,2,15
13595,3,11
13601,4,11
13603,5,11
13605,6,11
13608,1,11
13614,2,15
13619,3,11
13625,4,15
13627,5,11
13629,6,15
13632,1,11
13638,2,15
13643,3,11
13649,4,3
13651,5,11
13653,6,15
13656,1,11
13662,2,3
13667,3,11
13673,4,11
13675,5,15
13677,6,3
13680,1,11
13686,2,3
13691,3,11
13697,4,2
13699,5,11
13701,6,3
13704,1,11
13710,2,15
13715,3,11
13721,4,3
13723,5,11
13725,6,15
13728,1,3
13734,2,11
13739,3,11
13745,4,11
13747,5,15
13749,6,3
13752,1,11
13758,2,15
13763,3,3
13769,4,11
13771,5,11
13773,6,11
13776,1,11
13782,2,3
13787,3,11
13793,4,2
13795,5,11
13797,6,3
13800,1,11
13806,2,3
13811,3,11
13817,4,11
13819,5,15
13821,6,15
13824,1,11
13830,2,2
13835,3,3
13841,4,11
13843,5,11
13845,6,11
13848,1,11
13854,2,3
13859,3,11
13865,4,11
13867,5,3
13869,6,15
13872,1,11
13878,2,3
13883,3,11
13889,4,3
13891,5,11
13893,6,2
13896,1,11
13902,2,3
13907,3,15
13913,4,11
13915,5,11
13917,6,11
13920,1,11
13926,2,15
13931,3,15
13937,4,11
13939,5,11
13941,6,11
13944,1,11
13950,2,3
13955,3,11
13961,4,11
13963,5,15
13965,6,15
13968,1,11
13974,2,3
13979,3,11
13985,4,11
13987,5,3
13989,6,15
13992,1,11
13998,2,15
14003,3,11
14009,4,15
14011,5,11
14013,6,2
14016,1,11
14022,2,3
14027,3,15
14033,4,11
14035,5,11
14037,6,11
14040,1,3
14046,2,15
14051,3,11
14057,4,11
14059,5,11
14061,6,11
14064,1,11
14070,2,3
14075,3,11
14081,4,15
14083,5,11
14085,6,3
14088,1,11
14094,2,2
14099,3,11
14105,4,11
14107,5,3
14109,6,3
14112,1,11
14118,2,3
14123,3,3
14129,4,11
14131,5,11
14133,6,11
14136,1,11
14142,2,15
14147,3,15
14153,4,11
14155,5,11
14157,6,11
14160,1,11
14166,2,15
14171,3,11
14177,4,3
14179,5,11
14181,6,15
14184,1,11
14190,2,15
14195,3,11
14201,4,15
14203,5,11
14205,6,3
14208,1,11
14214,2,15
14219,3,11
14225,4,2
14227,5,11
14229,6,3
14232,1,11
14238,2,15
14243,3,11
14249,4,15
14251,5,11
14253,6,15
14256,1,15
14262,2,3
14267,3,11
14273,4,11
14275,5,11
14277,6,11
14280,1,11
14286,2,3
14291,3,11
14297,4,11
14299,5,15
14301,6,15
14304,1,11
14310,2,3
14315,3,11
14321,4,11
14323,5,2
14325,6,15
14328,1,11
14334,2,3
14339,3,3
14345,4,11
14347,5,11
14349,6,11
14352,1,11
14358,2,15
14363,3,11
14369,4,11
14371,5,15
14373,6,15
14376,1,3
14382,2,11
14387,3,11
14393,4,2
14395,5,11
14397,6,3
14400,1,11
14406,2,3
14411,3,11
14417,4,11
14419,5,15
14421,6,15
14424,1,15
14430,2,15
14435,3,11
14441,4,11
14443,5,11
14445,6,11
14448,1,11
14454,2,15
14459,3,11
14465,4,3
14467,5,11
14469,6,15
14472,1,11
14478,2,15
14483,3,11
14489,4,2
14491,5,11
14493,6,15
14496,1,11
14502,2,2
14507,3,3
14513,4,11
14515,5,11
14517,6,11
14520,1,11
14526,2,15
14531,3,11
14537,4,3
14539,5,11
14541,6,15
14544,1,11
14550,2,3
14555,3,11
14561,4,11
14563,5,15
14565,6,15
14568,1,3
14574,2,11
14579,3,11
14585,4,3
14587,5,11
14589,6,15
14592,1,3
14598,2,11
14603,3,11
14609,4,2
14611,5,11
14613,6,15
14616,1,11
14622,2,2
14627,3,3
14633,4,11
14635,5,11
14637,6,11
14640,1,11
14646,2,15
14651,3,11
14657,4,3
14659,5,11
14661,6,2
14664,1,11
14670,2,2
14675,3,11
14681,4,15
14683,5,11
14685,6,3
14688,1,3
14694,2,15
14699,3,11
14705,4,11
14707,5,11
14709,6,11
14712,1,11
14718,2,15
14723,3,11
14729,4,15
14731,5,11
14733,6,3
14736,1,15
14742,2,3
14747,3,11
14753,4,11
14755,5,11
14757,6,11
14760,1,11
14766,2,15
14771,3,11
14777,4,11
14779,5,15
14781,6,3
14784,1,11
14790,2,3
14795,3,15
14801,4,11
14803,5,11
14805,6,11
14808,1,15
14814,2,15
14819,3,11
14825,4,11
14827,5,11
14829,6,11
14832,1,3
14838,2,11
14843,3,11
14849,4,3
14851,5,11
14853,6,2
14856,1,11
14862,2,3
14867,3,11
14873,4,11
14875,5,15
14877,6,3
14880,1,11
14886,2,15
14891,3,11
14897,4,2
14899,5,11
14901,6,3
14904,1,11
14910,2,15
14915,3,11
14921,4,2
14923,5,11
14925,6,2
14928,1,11
14934,2,3
14939,3,11
14945,4,11
14947,5,15
14949,6,15
14952,1,11
14958,2,15
14963,3,11
14969,4,3
14971,5,11
14973,6,15
14976,1,15
14982,2,15
14987,3,11
14993,4,11
14995,5,11
14997,6,11
15000,1,11
15006,2,3
15011,3,11
15017,4,2
15019,5,11
15021,6,3
15024,1,11
15030,2,3
15035,3,11
15041,4,11
15043,5,15
15045,6,15
15048,1,11
15054,2,15
15059,3,11
15065,4,15
15067,5,11
15069,6,3
15072,1,11
15078,2,3
15083,3,11
15089,4,3
15091,5,11
15093,6,3
15096,1,11
15102,2,3
15107,3,15
15113,4,11
15115,5,11
15117,6,11
15120,1,3
15126,2,11
15131,3,11
15137,4,11
15139,5,15
15141,6,3
15144,1,11
15150,2,15
15155,3,11
15161,4,11
15163,5,15
15165,6,3
15168,1,11
15174,2,3
15179,3,11
15185,4,11
15187,5,3
15189,6,15
15192,1,11
15198,2,3
15203,3,11
15209,4,3
15211,5,11
15213,6,3
15216,1,3
15222,2,11
15227,3,11
15233,4,15
15235,5,11
15237,6,3
15240,1,11
15246,2,15
15251,3,11
15257,4,2
15259,5,11
15261,6,3
15264,1,15
15270,2,15
15275,3,11
15281,4,11
15283,5,11
15285,6,11
15288,1,15
15294,2,3
15299,3,11
15305,4,11
15307,5,11
15309,6,11
15312,1,11
15318,2,15
15323,3,11
15329,4,15
15331,5,11
15333,6,15
15336,1,11
15342,2,15
15347,3,11
15353,4,3
15355,5,11
15357,6,15
15360,1,2
15366,2,2
15371,3,11
15377,4,11
15379,5,11
15381,6,11
15384,1,11
15390,2,15
15395,3,11
15401,4,3
15403,5,11
15405,6,15
15408,1,11
15414,2,15
15419,3,11
15425,4,2
15427,5,11
15429,6,15
15432,1,3
15438,2,3
15443,3,11
15449,4,11
15451,5,11
15453,6,11
15456,1,11
15462,2,2
15467,3,11
15473,4,11
15475,5,3
15477,6,3
15480,1,11
15486,2,15
15491,3,11
15497,4,3
15499,5,11
15501,6,3
15504,1,11
15510,2,15
15515,3,11
15521,4,15
15523,5,11
15525,6,15
15528,1,3
15534,2,15
15539,3,11
15545,4,11
15547,5,11
15549,6,11
15552,1,11
15558,2,15
15563,3,11
15569,4,15
15571,5,11
15573,6,3
15576,1,11
15582,2,3
15587,3,11
15593,4,11
15595,5,2
15597,6,15
15600,1,11
15606,2,15
15611,3,11
15617,4,3
15619,5,11
15621,6,15
15624,1,3
15630,2,11
15635,3,11
15641,4,3
15643,5,11
15645,6,3
15648,1,3
15654,2,11
15659,3,11
15665,4,15
15667,5,11
15669,6,15
15672,1,11
15678,2,3
15683,3,15
15689,4,11
15691,5,11
15693,6,11
15696,1,11
15702,2,15
15707,3,11
15713,4,3
15715,5,11
15717,6,2
15720,1,11
15726,2,15
15731,3,11
15737,4,2
15739,5,11
15741,6,3
15744,1,11
15750,2,15
15755,3,11
15761,4,15
15763,5,11
15765,6,3
15768,1,11
15774,2,3
15779,3,15
15785,4,11
15787,5,11
15789,6,11
15792,1,11
15798,2,3
15803,3,11
15809,4,11
15811,5,15
15813,6,15
15816,1,11
15822,2,3
15827,3,11
15833,4,11
15835,5,2
15837,6,15
15840,1,15
15846,2,3
15851,3,11
15857,4,11
15859,5,11
15861,6,11
15864,1,11
15870,2,3
15875,3,11
15881,4,11
15883,5,15
15885,6,2
15888,1,11
15894,2,3
15899,3,11
15905,4,11
15907,5,3
15909,6,2
15912,1,11
15918,2,3
15923,3,11
15929,4,11
15931,5,15
15933,6,15
15936,1,11
15942,2,15
15947,3,3
15953,4,11
15955,5,11
15957,6,11
15960,1,11
15966,2,15
15971,3,11
15977,4,15
15979,5,11
15981,6,15
15984,1,11
15990,2,3
15995,3,15
16001,4,11
16003,5,11
16005,6,11
16008,1,2
16014,2,2
16019,3,11
16025,4,11
16027,5,11
16029,6,11
16032,1,11
16038,2,15
16043,3,11
16049,4,3
16051,5,11
16053,6,15
16056,1,11
16062,2,3
16067,3,11
16073,4,11
16075,5,3
16077,6,15
16080,1,15
16086,2,3
16091,3,11
16097,4,11
16099,5,11
16101,6,11
16104,1,3
16110,2,3
16115,3,11
16121,4,11
16123,5,11
16125,6,11
16128,1,11
16134,2,15
16139,3,11
16145,4,11
16147,5,3
16149,6,15
16152,1,3
16158,2,11
16163,3,11
16169,4,3
16171,5,11
16173,6,15
16176,1,11
16182,2,15
16187,3,11
16193,4,15
16195,5,11
16197,6,3
16200,1,11
16206,2,3
16211,3,11
16217,4,11
16219,5,2
16221,6,15
16224,1,15
16230,2,15
16235,3,11
16241,4,11
16243,5,11
16245,6,11
16248,1,11
16254,2,15
16259,3,11
16265,4,3
16267,5,11
16269,6,3
16272,1,11
16278,2,3
16283,3,11
16289,4,3
16291,5,11
16293,6,3
16296,1,11
16302,2,3
16307,3,11
16313,4,11
16315,5,2
16317,6,15
16320,1,15
16326,2,3
16331,3,11
16337,4,11
16339,5,11
16341,6,11
16344,1,3
16350,2,11
16355,3,11
16361,4,3
16363,5,11
16365,6,3
16368,1,11
16374,2,3
16379,3,11
16385,4,11
16387,5,15
16389,6,2
16392,1,15
16398,2,15
16403,3,11
16409,4,11
16411,5,11
16413,6,11
16416,1,11
16422,2,3
16427,3,11
16433,4,11
16435,5,15
16437,6,15
16440,1,3
16446,2,15
16451,3,11
16457,4,11
16459,5,11
16461,6,11
16464,1,15
16470,2,11
16475,3,11
16481,4,15
16483,5,11
16485,6,3
16488,1,11
16494,2,15
16499,3,11
16505,4,15
16507,5,11
16509,6,3
16512,1,3
16518,2,11
16523,3,11
16529,4,15
16531,5,11
16533,6,3
16536,1,11
16542,2,15
16547,3,11
16553,4,3
16555,5,11
16557,6,2
16560,1,11
16566,2,15
16571,3,11
16577,4,11
16579,5,15
16581,6,3
16584,1,11
16590,2,3
16595,3,11
16601,4,3
16603,5,11
16605,6,3
16608,1,3
16614,2,11
16619,3,11
16625,4,3
16627,5,11
16629,6,3
16632,1,11
16638,2,15
16643,3,11
16649,4,2
16651,5,11
16653,6,3
16656,1,11
16662,2,15
16667,3,11
16673,4,15
16675,5,11
16677,6,15
16680,1,15
16686,2,3
16691,3,11
16697,4,11
16699,5,11
16701,6,11
16704,1,11
16710,2,15
16715,3,11
16721,4,3
16723,5,11
16725,6,3
16728,1,3
16734,2,15
16739,3,11
16745,4,11
16747,5,11
16749,6,11
16752,1,15
16758,2,11
16763,3,11
16769,4,3
16771,5,11
16773,6,15
16776,1,11
16782,2,15
16787,3,11
16793,4,2
16795,5,11
16797,6,3
16800,1,11
16806,2,3
16811,3,11
16817,4,11
16819,5,2
16821,6,3
16824,1,11
16830,2,15
16835,3,11
16841,4,3
16843,5,11
16845,6,15
16848,1,3
16854,2,11
16859,3,11
16865,4,3
16867,5,11
16869,6,15
16872,1,15
16878,2,15
16883,3,11
16889,4,11
16891,5,11
16893,6,11
16896,1,11
16902,2,15
16907,3,11
16913,4,15
16915,5,11
16917,6,3
16920,1,11
16926,2,15
16931,3,11
16937,4,3
16939,5,11
16941,6,15
16944,1,11
16950,2,15
16955,3,11
16961,4,11
16963,5,15
16965,6,3
16968,1,11
16974,2,15
16979,3,3
16985,4,11
16987,5,11
16989,6,11
16992,1,3
16998,2,11
17003,3,11
17009,4,15
17011,5,11
17013,6,15
17016,1,11
17022,2,15
17027,3,11
17033,4,2
17035,5,11
17037,6,3
17040,1,11
17046,2,15
17051,3,11
17057,4,3
17059,5,11
17061,6,3
17064,1,11
17070,2,15
17075,3,11
17081,4,15
17083,5,11
17085,6,15
17088,1,11
17094,2,15
17099,3,11
17105,4,2
17107,5,11
17109,6,15
17112,1,11
17118,2,3
17123,3,11
17129,4,11
17131,5,2
17133,6,15
17136,1,11
17142,2,15
17147,3,3
17153,4,11
17155,5,11
17157,6,11
17160,1,11
17166,2,2
17171,3,11
17177,4,3
17179,5,11
17181,6,15
17184,1,11
17190,2,15
17195,3,3
17201,4,11
17203,5,11
17205,6,11
17208,1,3
17214,2,11
17219,3,11
17225,4,3
17227,5,11
17229,6,3
17232,1,3
17238,2,11
17243,3,11
17249,4,15
17251,5,11
17253,6,15
17256,1,11
17262,2,3
17267,3,11
17273,4,11
17275,5,3
17277,6,15
17280,1,15
17286,2,11
17291,3,11
17297,4,15
17299,5,11
17301,6,3
17304,1,11
17310,2,15
17315,3,3
17321,4,11
17323,5,11
17325,6,11
17328,1,3
17334,2,15
17339,3,11
17345,4,11
17347,5,11
17349,6,11
17352,1,11
17358,2,15
17363,3,11
17369,4,15
17371,5,11
17373,6,3
17376,1,3
17382,2,11
17387,3,11
17393,4,15
17395,5,11
17397,6,3
17400,1,11
17406,2,3
17411,3,11
17417,4,11
17419,5,15
17421,6,2
17424,1,15
17430,2,15
17435,3,11
17441,4,11
17443,5,11
17445,6,11
17448,1,11
17454,2,15
17459,3,11
17465,4,11
17467,5,3
17469,6,15
17472,1,11
17478,2,3
17483,3,11
17489,4,11
17491,5,3
17493,6,2
17496,1,3
17502,2,15
17507,3,11
17513,4,11
17515,5,11
17517,6,11
17520,1,11
17526,2,3
17531,3,11
17537,4,15
17539,5,11
17541,6,3
17544,1,11
17550,2,15
17555,3,11
17561,4,3
17563,5,11
17565,6,2
17568,1,11
17574,2,3
17579,3,11
17585,4,11
17587,5,3
17589,6,15
17592,1,11
17598,2,3
17603,3,11
17609,4,15
17611,5,11
17613,6,15
17616,1,11
17622,2,15
17627,3,11
17633,4,11
17635,5,3
17637,6,15
17640,1,11
17646,2,15
17651,3,3
17657,4,11
17659,5,11
17661,6,11
17664,1,3
17670,2,11
17675,3,3
17681,4,11
17683,5,11
17685,6,11
17688,1,11
17694,2,3
17699,3,11
17705,4,2
17707,5,11
17709,6,15
17712,1,11
17718,2,3
17723,3,11
17729,4,2
17731,5,11
17733,6,3
17736,1,11
17742,2,3
17747,3,11
17753,4,11
17755,5,2
17757,6,15
17760,1,11
17766,2,3
17771,3,3
17777,4,11
17779,5,11
17781,6,11
17784,1,11
17790,2,15
17795,3,11
17801,4,3
17803,5,11
17805,6,3
17808,1,11
17814,2,3
17819,3,11
17825,4,11
17827,5,2
17829,6,2
17832,1,11
17838,2,3
17843,3,11
17849,4,11
17851,5,2
17853,6,15
17856,1,11
17862,2,15
17867,3,11
17873,4,3
17875,5,11
17877,6,3
17880,1,3
17886,2,15
17891,3,11
17897,4,11
17899,5,11
17901,6,11
17904,1,11
17910,2,15
17915,3,11
17921,4,15
17923,5,11
17925,6,15
17928,1,3
17934,2,11
17939,3,11
17945,4,3
17947,5,11
17949,6,3
17952,1,11
17958,2,3
17963,3,11
17969,4,11
17971,5,3
17973,6,15
17976,1,11
17982,2,15
17987,3,11
17993,4,2
17995,5,11
17997,6,3
18000,1,11
18006,2,3
18011,3,11
18017,4,11
18019,5,15
18021,6,2
18024,1,3
18030,2,11
18035,3,11
18041,4,15
18043,5,11
18045,6,3
18048,1,11
18054,2,15
18059,3,3
18065,4,11
18067,5,11
18069,6,11
18072,1,11
18078,2,3
18083,3,11
18089,4,11
18091,5,3
18093,6,3
18096,1,11
18102,2,15
18107,3,11
18113,4,11
18115,5,15
18117,6,15
18120,1,15
18126,2,2
18131,3,11
18137,4,11
18139,5,11
18141,6,11
18144,1,11
18150,2,15
18155,3,11
18161,4,11
18163,5,3
18165,6,15
18168,1,11
18174,2,3
18179,3,11
18185,4,15
18187,5,11
18189,6,2
18192,1,15
18198,2,11
18203,3,11
18209,4,15
18211,5,11
18213,6,3
18216,1,11
18222,2,3
18227,3,11
18233,4,3
18235,5,11
18237,6,2
18240,1,11
18246,2,2
18251,3,11
18257,4,15
18259,5,11
18261,6,3
18264,1,11
18270,2,15
18275,3,11
18281,4,15
18283,5,11
18285,6,15
18288,1,11
18294,2,15
18299,3,11
18305,4,3
18307,5,11
18309,6,3
18312,1,3
18318,2,11
18323,3,11
18329,4,11
18331,5,3
18333,6,15
18336,1,15
18342,2,15
18347,3,11
18353,4,11
18355,5,11
18357,6,11
18360,1,11
18366,2,3
18371,3,11
18377,4,11
18379,5,2
18381,6,3
18384,1,15
18390,2,2
18395,3,11
18401,4,11
18403,5,11
18405,6,11
18408,1,11
18414,2,2
18419,3,11
18425,4,15
18427,5,11
18429,6,15
18432,1,15
18438,2,11
18443,3,11
18449,4,3
18451,5,11
18453,6,15
18456,1,11
18462,2,2
18467,3,11
18473,4,3
18475,5,11
18477,6,15
18480,1,11
18486,2,15
18491,3,11
18497,4,11
18499,5,15
18501,6,3
18504,1,15
18510,2,15
18515,3,11
18521,4,11
18523,5,11
18525,6,11
18528,1,15
18534,2,11
18539,3,11
18545,4,2
18547,5,11
18549,6,3
18552,1,11
18558,2,2
18563,3,11
18569,4,3
18571,5,11
18573,6,15
18576,1,2
18582,2,15
18587,3,11
18593,4,11
18595,5,11
18597,6,11
18600,1,11
18606,2,3
18611,3,11
18617,4,11
18619,5,15
18621,6,15
18624,1,11
18630,2,15
18635,3,11
18641,4,2
18643,5,11
18645,6,3
18648,1,3
18654,2,11
18659,3,11
18665,4,2
18667,5,11
18669,6,3
18672,1,3
18678,2,11
18683,3,11
18689,4,15
18691,5,11
18693,6,15
18696,1,11
18702,2,15
18707,3,11
18713,4,3
18715,5,11
18717,6,3
18720,1,11
18726,2,3
18731,3,2
18737,4,11
18739,5,11
18741,6,11
18744,1,11
18750,2,3
18755,3,3
18761,4,11
18763,5,11
18765,6,11
18768,1,3
18774,2,11
18779,3,3
18785,4,11
18787,5,11
18789,6,11
18792,1,11
18798,2,3
18803,3,11
18809,4,15
18811,5,11
18813,6,3
18816,1,11
18822,2,15
18827,3,11
18833,4,3
18835,5,11
18837,6,15
18840,1,11
18846,2,15
18851,3,11
18857,4,11
18859,5,15
18861,6,3
18864,1,11
18870,2,15
18875,3,11
18881,4,3
18883,5,11
18885,6,3
18888,1,11
18894,2,3
18899,3,11
18905,4,11
18907,5,3
18909,6,15
18912,1,11
18918,2,3
18923,3,3
18929,4,11
18931,5,11
18933,6,11
18936,1,11
18942,2,3
18947,3,11
18953,4,11
18955,5,15
18957,6,3
18960,1,11
18966,2,15
18971,3,11
18977,4,11
18979,5,15
18981,6,15
18984,1,11
18990,2,3
18995,3,11
19001,4,15
19003,5,11
19005,6,2
19008,1,11
19014,2,3
19019,3,11
19025,4,11
19027,5,3
19029,6,3
19032,1,3
19038,2,11
19043,3,11
19049,4,11
19051,5,15
19053,6,3
19056,1,15
19062,2,11
19067,3,11
19073,4,15
19075,5,11
19077,6,3
19080,1,11
19086,2,15
19091,3,11
19097,4,11
19099,5,3
19101,6,15
19104,1,11
19110,2,15
19115,3,3
19121,4,11
19123,5,11
19125,6,11
19128,1,11
19134,2,2
19139,3,11
19145,4,15
19147,5,11
19149,6,3
19152,1,3
19158,2,11
19163,3,3
19169,4,11
19171,5,11
19173,6,11
19176,1,11
19182,2,3
19187,3,11
19193,4,2
19195,5,11
19197,6,15
19200,1,11
19206,2,3
19211,3,11
19217,4,15
19219,5,11
19221,6,3
19224,1,11
19230,2,15
19235,3,11
19241,4,15
19243,5,11
19245,6,2
19248,1,11
19254,2,15
19259,3,3
19265,4,11
19267,5,11
19269,6,11
19272,1,11
19278,2,2
19283,3,11
19289,4,15
19291,5,11
19293,6,15
19296,1,15
19302,2,15
19307,3,11
19313,4,11
19315,5,11
19317,6,11
19320,1,11
19326,2,3
19331,3,15
19337,4,11
19339,5,11
19341,6,11
19344,1,3
19350,2,11
19355,3,11
19361,4,15
19363,5,11
19365,6,2
19368,1,11
19374,2,15
19379,3,11
19385,4,15
19387,5,11
19389,6,15
19392,1,11
19398,2,3
19403,3,11
19409,4,2
19411,5,11
19413,6,15
19416,1,15
19422,2,15
19427,3,11
19433,4,11
19435,5,11
19437,6,11
19440,1,11
19446,2,15
19451,3,11
19457,4,15
19459,5,11
19461,6,15
19464,1,3
19470,2,2
19475,3,11
19481,4,11
19483,5,11
19485,6,11
19488,1,11
19494,2,3
19499,3,11
19505,4,11
19507,5,3
19509,6,15
19512,1,11
19518,2,3
19523,3,11
19529,4,11
19531,5,2
19533,6,2
19536,1,11
19542,2,3
19547,3,2
19553,4,11
19555,5,11
19557,6,11
19560,1,11
19566,2,15
19571,3,11
19577,4,11
19579,5,15
19581,6,3
19584,1,11
19590,2,3
19595,3,15
19601,4,11
19603,5,11
19605,6,11
19608,1,2
19614,2,3
19619,3,11
19625,4,11
19627,5,11
19629,6,11
19632,1,11
19638,2,3
19643,3,11
19649,4,11
19651,5,3
19653,6,2
19656,1,11
19662,2,3
19667,3,15
19673,4,11
19675,5,11
19677,6,11
19680,1,11
19686,2,3
19691,3,11
19697,4,11
19699,5,15
19701,6,3
19704,1,11
19710,2,3
19715,3,11
19721,4,11
19723,5,3
19725,6,15
19728,1,11
19734,2,3
19739,3,2
19745,4,11
19747,5,11
19749,6,11
19752,1,3
19758,2,11
19763,3,11
19769,4,11
19771,5,15
19773,6,3
19776,1,11
19782,2,3
19787,3,11
19793,4,11
19795,5,3
19797,6,3
19800,1,11
19806,2,15
19811,3,11
19817,4,3
19819,5,11
19821,6,3
19824,1,11
19830,2,15
19835,3,11
19841,4,11
19843,5,3
19845,6,2
19848,1,2
19854,2,15
19859,3,11
19865,4,11
19867,5,11
19869,6,11
19872,1,11
19878,2,15
19883,3,11
19889,4,11
19891,5,15
19893,6,15
19896,1,11
19902,2,15
19907,3,11
19913,4,11
19915,5,3
19917,6,15
19920,1,11
19926,2,15
19931,3,11
19937,4,3
19939,5,11
19941,6,3
19944,1,11
19950,2,15
19955,3,11
19961,4,15
19963,5,11
19965,6,15
19968,1,11
19974,2,3
19979,3,11
19985,4,11
19987,5,15
19989,6,15
19992,1,3
19998,2,2
20003,3,11
20009,4,11
20011,5,11
20013,6,11
20016,1,3
20022,2,11
20027,3,11
20033,4,11
20035,5,3
20037,6,3
20040,1,11
20046,2,3
20051,3,11
20057,4,3
20059,5,11
20061,6,2
20064,1,11
20070,2,2
20075,3,11
20081,4,15
20083,5,11
20085,6,3
20088,1,3
20094,2,11
20099,3,11
20105,4,11
20107,5,3
20109,6,15
20112,1,11
20118,2,15
20123,3,11
20129,4,11
20131,5,3
20133,6,15
20136,1,11
20142,2,3
20147,3,11
20153,4,11
20155,5,3
20157,6,3
20160,1,11
20166,2,2
20171,3,11
20177,4,2
20179,5,11
20181,6,3
20184,1,11
20190,2,2
20195,3,11
20201,4,3
20203,5,11
20205,6,15
20208,1,11
20214,2,3
20219,3,11
20225,4,11
20227,5,15
20229,6,15
20232,1,15
20238,2,2
20243,3,11
20249,4,11
20251,5,11
20253,6,11
20256,1,15
20262,2,11
20267,3,11
20273,4,3
20275,5,11
20277,6,3
20280,1,11
20286,2,3
20291,3,11
20297,4,2
20299,5,11
20301,6,2
20304,1,15
20310,2,11
20315,3,11
20321,4,2
20323,5,11
20325,6,3
20328,1,11
20334,2,2
20339,3,11
20345,4,11
20347,5,15
20349,6,3
20352,1,11
20358,2,15
20363,3,11
20369,4,3
20371,5,11
20373,6,3
20376,1,3
20382,2,11
20387,3,11
20393,4,3
20395,5,11
20397,6,3
20400,1,15
20406,2,11
20411,3,11
20417,4,3
20419,5,11
20421,6,3
20424,1,11
20430,2,3
20435,3,15
20441,4,11
20443,5,11
20445,6,11
20448,1,3
20454,2,2
20459,3,11
20465,4,11
20467,5,11
20469,6,11
20472,1,11
20478,2,15
20483,3,11
20489,4,11
20491,5,2
20493,6,15
20496,1,11
20502,2,2
20507,3,11
20513,4,2
20515,5,11
20517,6,3
20520,1,3
20526,2,11
20531,3,11
20537,4,15
20539,5,11
20541,6,3
20544,1,11
20550,2,3
20555,3,3
20561,4,11
20563,5,11
20565,6,11
20568,1,2
20574,2,3
20579,3,11
20585,4,11
20587,5,11
20589,6,11
20592,1,11
20598,2,15
20603,3,15
20609,4,11
20611,5,11
20613,6,11
20616,1,15
20622,2,15
20627,3,11
20633,4,11
20635,5,11
20637,6,11
20640,1,11
20646,2,15
20651,3,11
20657,4,11
20659,5,15
20661,6,3
20664,1,11
20670,2,2
20675,3,11
20681,4,2
20683,5,11
20685,6,15
20688,1,2
20694,2,15
20699,3,11
20705,4,11
20707,5,11
20709,6,11
20712,1,11
20718,2,3
20723,3,11
20729,4,11
20731,5,2
20733,6,3
20736,1,15
20742,2,15
20747,3,11
20753,4,11
20755,5,11
20757,6,11
20760,1,3
20766,2,11
20771,3,11
20777,4,3
20779,5,11
20781,6,15
20784,1,3
20790,2,3
20795,3,11
20801,4,11
20803,5,11
20805,6,11
20808,1,11
20814,2,3
20819,3,15
20825,4,11
20827,5,11
20829,6,11
20832,1,11
20838,2,3
20843,3,11
20849,4,11
20851,5,15
20853,6,3
20856,1,11
20862,2,15
20867,3,11
20873,4,11
20875,5,15
20877,6,15
20880,1,11
20886,2,3
20891,3,11
20897,4,11
20899,5,3
20901,6,3
20904,1,3
20910,2,2
20915,3,11
20921,4,11
20923,5,11
20925,6,11
20928,1,3
20934,2,11
20939,3,11
20945,4,11
20947,5,15
20949,6,3
20952,1,11
20958,2,15
20963,3,11
20969,4,11
20971,5,15
20973,6,3
20976,1,11
20982,2,2
20987,3,11
20993,4,15
20995,5,11
20997,6,3
21000,1,11
21006,2,15
21011,3,11
21017,4,15
21019,5,11
21021,6,15
21024,1,11
21030,2,15
21035,3,11
21041,4,11
21043,5,3
21045,6,3
21048,1,11
21054,2,3
21059,3,11
21065,4,2
21067,5,11
21069,6,15
21072,1,11
21078,2,15
21083,3,11
21089,4,3
21091,5,11
21093,6,3
21096,1,11
21102,2,15
21107,3,11
21113,4,15
21115,5,11
21117,6,2
21120,1,11
21126,2,3
21131,3,11
21137,4,3
21139,5,11
21141,6,15
21144,1,11
21150,2,15
21155,3,11
21161,4,11
21163,5,2
21165,6,3
21168,1,3
21174,2,11
21179,3,11
21185,4,15
21187,5,11
21189,6,15
21192,1,11
21198,2,2
21203,3,11
21209,4,3
21211,5,11
21213,6,2
21216,1,11
21222,2,15
21227,3,11
21233,4,11
21235,5,2
21237,6,3
21240,1,3
21246,2,11
21251,3,11
21257,4,15
21259,5,11
21261,6,2
21264,1,3
21270,2,11
21275,3,11
21281,4,15
21283,5,11
21285,6,3
21288,1,11
21294,2,15
21299,3,3
21305,4,11
21307,5,11
21309,6,11
21312,1,11
21318,2,15
21323,3,11
21329,4,15
21331,5,11
21333,6,15
21336,1,11
21342,2,2
21347,3,3
21353,4,11
21355,5,11
21357,6,11
21360,1,11
21366,2,3
21371,3,11
21377,4,11
21379,5,2
21381,6,3
21384,1,11
21390,2,3
21395,3,11
21401,4,11
21403,5,3
21405,6,15
21408,1,3
21414,2,11
21419,3,11
21425,4,11
21427,5,2
21429,6,3
21432,1,11
21438,2,3
21443,3,11
21449,4,2
21451,5,11
21453,6,15
21456,1,15
21462,2,15
21467,3,11
21473,4,11
21475,5,11
21477,6,11
21480,1,11
21486,2,15
21491,3,11
21497,4,11
21499,5,15
21501,6,3
21504,1,11
21510,2,15
21515,3,3
21521,4,11
21523,5,11
21525,6,11
21528,1,11
21534,2,15
21539,3,11
21545,4,15
21547,5,11
21549,6,15
21552,1,11
21558,2,15
21563,3,3
21569,4,11
21571,5,11
21573,6,11
21576,1,11
21582,2,3
21587,3,11
21593,4,11
21595,5,3
21597,6,2
21600,1,15
21606,2,15
21611,3,11
21617,4,11
21619,5,11
21621,6,11
21624,1,3
21630,2,3
21635,3,11
21641,4,11
21643,5,11
21645,6,11
21648,1,11
21654,2,15
21659,3,11
21665,4,15
21667,5,11
21669,6,15
21672,1,11
21678,2,3
21683,3,11
21689,4,11
21691,5,15
21693,6,3
21696,1,11
21702,2,15
21707,3,11
21713,4,15
21715,5,11
21717,6,15
21720,1,11
21726,2,15
21731,3,11
21737,4,11
21739,5,3
21741,6,2
21744,1,3
21750,2,11
21755,3,11
21761,4,11
21763,5,15
21765,6,3
21768,1,11
21774,2,15
21779,3,11
21785,4,11
21787,5,15
21789,6,3
21792,1,11
21798,2,3
21803,3,11
21809,4,2
21811,5,11
21813,6,2
21816,1,11
21822,2,3
21827,3,11
21833,4,11
21835,5,15
21837,6,15
21840,1,3
21846,2,11
21851,3,11
21857,4,15
21859,5,11
21861,6,15
21864,1,11
21870,2,3
21875,3,11
21881,4,3
21883,5,11
21885,6,15
21888,1,11
21894,2,3
21899,3,15
21905,4,11
21907,5,11
21909,6,11
21912,1,11
21918,2,3
21923,3,3
21929,4,11
21931,5,11
21933,6,11
21936,1,15
21942,2,15
21947,3,11
21953,4,11
21955,5,11
21957,6,11
21960,1,11
21966,2,15
21971,3,11
21977,4,11
21979,5,3
21981,6,15
21984,1,11
21990,2,3
21995,3,11
22001,4,11
22003,5,3
22005,6,3
22008,1,11
22014,2,15
22019,3,15
22025,4,11
22027,5,11
22029,6,11
22032,1,11
22038,2,15
22043,3,11
22049,4,15
22051,5,11
22053,6,2
22056,1,15
22062,2,2
22067,3,11
22073,4,11
22075,5,11
22077,6,11
22080,1,11
22086,2,15
22091,3,3
22097,4,11
22099,5,11
22101,6,11
22104,1,11
22110,2,2
22115,3,11
22121,4,11
22123,5,15
22125,6,3
22128,1,11
22134,2,3
22139,3,11
22145,4,3
22147,5,11
22149,6,2
22152,1,15
22158,2,11
22163,3,11
22169,4,3
22171,5,11
22173,6,3
22176,1,11
22182,2,15
22187,3,11
22193,4,11
22195,5,2
22197,6,15
22200,1,11
22206,2,2
22211,3,11
22217,4,2
22219,5,11
22221,6,3
22224,1,15
22230,2,11
22235,3,11
22241,4,3
22243,5,11
22245,6,3
22248,1,11
22254,2,15
22259,3,11
22265,4,11
22267,5,3
22269,6,15
22272,1,11
22278,2,2
22283,3,11
22289,4,3
22291,5,11
22293,6,3
22296,1,3
22302,2,11
22307,3,11
22313,4,3
22315,5,11
22317,6,3
22320,1,11
22326,2,15
22331,3,11
22337,4,15
22339,5,11
22341,6,15
22344,1,11
22350,2,3
22355,3,11
22361,4,11
22363,5,2
22365,6,3
22368,1,11
22374,2,15
22379,3,11
22385,4,11
22387,5,3
22389,6,15
22392,1,11
22398,2,2
22403,3,11
22409,4,3
22411,5,11
22413,6,15
22416,1,11
22422,2,3
22427,3,11
22433,4,3
22435,5,11
22437,6,15
22440,1,2
22446,2,15
22451,3,11
22457,4,11
22459,5,11
22461,6,11
22464,1,3
22470,2,11
22475,3,11
22481,4,15
22483,5,11
22485,6,15
22488,1,15
22494,2,11
22499,3,11
22505,4,3
22507,5,11
22509,6,3
22512,1,3
22518,2,11
22523,3,11
22529,4,2
22531,5,11
22533,6,3
22536,1,11
22542,2,15
22547,3,11
22553,4,11
22555,5,15
22557,6,3
22560,1,11
22566,2,15
22571,3,11
22577,4,15
22579,5,11
22581,6,15
22584,1,11
22590,2,15
22595,3,11
22601,4,11
22603,5,3
22605,6,3
22608,1,11
22614,2,3
22619,3,11
22625,4,11
22627,5,15
22629,6,2
22632,1,11
22638,2,15
22643,3,11
22649,4,15
22651,5,11
22653,6,3
22656,1,15
22662,2,15
22667,3,11
22673,4,11
22675,5,11
22677,6,11
22680,1,11
22686,2,2
22691,3,3
22697,4,11
22699,5,11
22701,6,11
22704,1,11
22710,2,3
22715,3,11
22721,4,3
22723,5,11
22725,6,15
22728,1,11
22734,2,3
22739,3,11
22745,4,2
22747,5,11
22749,6,15
22752,1,11
22758,2,3
22763,3,15
22769,4,11
22771,5,11
22773,6,11
22776,1,11
22782,2,15
22787,3,11
22793,4,11
22795,5,2
22797,6,3
22800,1,15
22806,2,15
22811,3,11
22817,4,11
22819,5,11
22821,6,11
22824,1,3
22830,2,11
22835,3,11
22841,4,15
22843,5,11
22845,6,3
22848,1,11
22854,2,3
22859,3,11
22865,4,2
22867,5,11
22869,6,15
22872,1,11
22878,2,15
22883,3,11
22889,4,2
22891,5,11
22893,6,15
22896,1,3
22902,2,11
22907,3,11
22913,4,15
22915,5,11
22917,6,15
22920,1,11
22926,2,15
22931,3,11
22937,4,11
22939,5,2
22941,6,3
22944,1,11
22950,2,15
22955,3,11
22961,4,11
22963,5,15
22965,6,3
22968,1,11
22974,2,15
22979,3,11
22985,4,11
22987,5,3
22989,6,3
22992,1,11
22998,2,15
23003,3,11
23009,4,11
23011,5,15
23013,6,15
23016,1,15
23022,2,11
23027,3,11
23033,4,3
23035,5,11
23037,6,3
23040,1,15
23046,2,2
23051,3,11
23057,4,11
23059,5,11
23061,6,11
23064,1,11
23070,2,15
23075,3,11
23081,4,2
23083,5,11
23085,6,15
23088,1,15
23094,2,3
23099,3,11
23105,4,11
23107,5,11
23109,6,11
23112,1,11
23118,2,3
23123,3,11
23129,4,11
23131,5,2
23133,6,3
23136,1,11
23142,2,15
23147,3,11
23153,4,11
23155,5,3
23157,6,3
23160,1,11
23166,2,15
23171,3,11
23177,4,15
23179,5,11
23181,6,15
23184,1,3
23190,2,11
23195,3,11
23201,4,15
23203,5,11
23205,6,3
23208,1,3
23214,2,11
23219,3,11
23225,4,11
23227,5,2
23229,6,3
23232,1,11
23238,2,15
23243,3,11
23249,4,11
23251,5,2
23253,6,3
23256,1,11
23262,2,3
23267,3,11
23273,4,15
23275,5,11
23277,6,3
23280,1,3
23286,2,11
23291,3,11
23297,4,2
23299,5,11
23301,6,15
23304,1,11
23310,2,3
23315,3,11
23321,4,11
23323,5,3
23325,6,3
23328,1,3
23334,2,11
23339,3,11
23345,4,11
23347,5,3
23349,6,3
23352,1,15
23358,2,11
23363,3,11
23369,4,15
23371,5,11
23373,6,15
23376,1,15
23382,2,3
23387,3,11
23393,4,11
23395,5,11
23397,6,11
23400,1,3
23406,2,11
23411,3,11
23417,4,15
23419,5,11
23421,6,15
23424,1,11
23430,2,15
23435,3,11
23441,4,15
23443,5,11
23445,6,15
23448,1,3
23454,2,11
23459,3,11
23465,4,15
23467,5,11
23469,6,15
23472,1,11
23478,2,3
23483,3,11
23489,4,15
23491,5,11
23493,6,15
23496,1,11
23502,2,3
23507,3,11
23513,4,3
23515,5,11
23517,6,15
23520,1,11
23526,2,15
23531,3,11
23537,4,11
23539,5,3
23541,6,3
23544,1,2
23550,2,15
23555,3,11
23561,4,11
23563,5,11
23565,6,11
23568,1,15
23574,2,15
23579,3,11
23585,4,11
23587,5,11
23589,6,11
23592,1,11
23598,2,15
23603,3,11
23609,4,15
23611,5,11
23613,6,15
23616,1,11
23622,2,3
23627,3,11
23633,4,3
23635,5,11
23637,6,15
23640,1,11
23646,2,15
23651,3,11
23657,4,11
23659,5,15
23661,6,3
23664,1,11
23670,2,15
23675,3,3
23681,4,11
23683,5,11
23685,6,11
23688,1,11
23694,2,3
23699,3,11
23705,4,2
23707,5,11
23709,6,2
23712,1,11
23718,2,15
23723,3,11
23729,4,3
23731,5,11
23733,6,2
23736,1,15
23742,2,15
23747,3,11
23753,4,11
23755,5,11
23757,6,11
23760,1,11
23766,2,2
23771,3,11
23777,4,3
23779,5,11
23781,6,3
23784,1,3
23790,2,11
23795,3,11
23801,4,15
23803,5,11
23805,6,15
23808,1,11
23814,2,2
23819,3,11
23825,4,15
23827,5,11
23829,6,15
23832,1,11
23838,2,15
23843,3,11
23849,4,15
23851,5,11
23853,6,15
23856,1,11
23862,2,15
23867,3,11
23873,4,11
23875,5,15
23877,6,3
23880,1,3
23886,2,15
23891,3,11
23897,4,11
23899,5,11
23901,6,11
23904,1,11
23910,2,15
23915,3,11
23921,4,3
23923,5,11
23925,6,15
23928,1,3
23934,2,2
23939,3,11
23945,4,11
23947,5,11
23949,6,11
23952,1,3
23958,2,11
23963,3,11
23969,4,15
23971,5,11
23973,6,3
23976,1,11
23982,2,3
23987,3,11
23993,4,15
23995,5,11
23997,6,3
