,Secteur,Scenario
0,1,3
6,2,3
11,3,11
17,4,11
19,5,11
21,6,11
24,1,3
30,2,3
35,3,11
41,4,11
43,5,11
45,6,11
48,1,3
54,2,3
59,3,11
65,4,11
67,5,11
69,6,11
72,1,3
78,2,3
83,3,11
89,4,11
91,5,11
93,6,11
96,1,3
102,2,3
107,3,11
113,4,11
115,5,11
117,6,11
120,1,3
126,2,15
131,3,11
137,4,11
139,5,11
141,6,11
144,1,3
150,2,3
155,3,11
161,4,11
163,5,11
165,6,11
168,1,3
174,2,15
179,3,11
185,4,11
187,5,11
189,6,11
192,1,3
198,2,3
203,3,11
209,4,11
211,5,11
213,6,11
216,1,15
222,2,3
227,3,11
233,4,11
235,5,11
237,6,11
240,1,15
246,2,3
251,3,11
257,4,11
259,5,11
261,6,11
264,1,11
270,2,3
275,3,11
281,4,3
283,5,11
285,6,3
288,1,3
294,2,3
299,3,11
305,4,11
307,5,11
309,6,11
312,1,11
318,2,3
323,3,11
329,4,15
331,5,11
333,6,3
336,1,3
342,2,15
347,3,11
353,4,11
355,5,11
357,6,11
360,1,3
366,2,15
371,3,11
377,4,11
379,5,11
381,6,11
384,1,15
390,2,3
395,3,11
401,4,11
403,5,11
405,6,11
408,1,11
414,2,3
419,3,11
425,4,15
427,5,11
429,6,3
432,1,11
438,2,3
443,3,11
449,4,3
451,5,11
453,6,3
456,1,3
462,2,15
467,3,11
473,4,11
475,5,11
477,6,11
480,1,11
486,2,3
491,3,11
497,4,3
499,5,11
501,6,15
504,1,15
510,2,3
515,3,11
521,4,11
523,5,11
525,6,11
528,1,11
534,2,3
539,3,11
545,4,15
547,5,11
549,6,3
552,1,3
558,2,15
563,3,11
569,4,11
571,5,11
573,6,11
576,1,11
582,2,3
587,3,11
593,4,3
595,5,11
597,6,3
600,1,11
606,2,3
611,3,11
617,4,2
619,5,11
621,6,3
624,1,3
630,2,15
635,3,11
641,4,11
643,5,11
645,6,11
648,1,3
654,2,15
659,3,11
665,4,11
667,5,11
669,6,11
672,1,15
678,2,3
683,3,11
689,4,11
691,5,11
693,6,11
696,1,3
702,2,15
707,3,11
713,4,11
715,5,11
717,6,11
720,1,3
726,2,15
731,3,11
737,4,11
739,5,11
741,6,11
744,1,15
750,2,3
755,3,11
761,4,11
763,5,11
765,6,11
768,1,11
774,2,3
779,3,11
785,4,3
787,5,11
789,6,3
792,1,15
798,2,3
803,3,11
809,4,11
811,5,11
813,6,11
816,1,3
822,2,15
827,3,11
833,4,11
835,5,11
837,6,11
840,1,15
846,2,15
851,3,11
857,4,11
859,5,11
861,6,11
864,1,15
870,2,3
875,3,11
881,4,11
883,5,11
885,6,11
888,1,15
894,2,15
899,3,11
905,4,11
907,5,11
909,6,11
912,1,15
918,2,3
923,3,11
929,4,11
931,5,11
933,6,11
936,1,11
942,2,15
947,3,11
953,4,3
955,5,11
957,6,3
960,1,15
966,2,3
971,3,11
977,4,11
979,5,11
981,6,11
984,1,15
990,2,3
995,3,11
1001,4,11
1003,5,11
1005,6,11
1008,1,3
1014,2,2
1019,3,11
1025,4,11
1027,5,11
1029,6,11
1032,1,11
1038,2,3
1043,3,11
1049,4,15
1051,5,11
1053,6,3
1056,1,11
1062,2,3
1067,3,11
1073,4,15
1075,5,11
1077,6,15
1080,1,3
1086,2,2
1091,3,11
1097,4,11
1099,5,11
1101,6,11
1104,1,11
1110,2,3
1115,3,3
1121,4,11
1123,5,11
1125,6,11
1128,1,11
1134,2,3
1139,3,11
1145,4,11
1147,5,3
1149,6,3
1152,1,11
1158,2,3
1163,3,3
1169,4,11
1171,5,11
1173,6,11
1176,1,11
1182,2,3
1187,3,3
1193,4,11
1195,5,11
1197,6,11
1200,1,11
1206,2,3
1211,3,11
1217,4,15
1219,5,11
1221,6,3
1224,1,2
1230,2,3
1235,3,11
1241,4,11
1243,5,11
1245,6,11
1248,1,11
1254,2,3
1259,3,11
1265,4,11
1267,5,3
1269,6,3
1272,1,2
1278,2,3
1283,3,11
1289,4,11
1291,5,11
1293,6,11
1296,1,3
1302,2,3
1307,3,11
1313,4,11
1315,5,11
1317,6,11
1320,1,11
1326,2,3
1331,3,11
1337,4,3
1339,5,11
1341,6,15
1344,1,3
1350,2,15
1355,3,11
1361,4,11
1363,5,11
1365,6,11
1368,1,3
1374,2,3
1379,3,11
1385,4,11
1387,5,11
1389,6,11
1392,1,11
1398,2,15
1403,3,11
1409,4,15
1411,5,11
1413,6,3
1416,1,11
1422,2,3
1427,3,11
1433,4,15
1435,5,11
1437,6,3
1440,1,15
1446,2,3
1451,3,11
1457,4,11
1459,5,11
1461,6,11
1464,1,11
1470,2,3
1475,3,11
1481,4,15
1483,5,11
1485,6,15
1488,1,11
1494,2,3
1499,3,11
1505,4,3
1507,5,11
1509,6,15
1512,1,11
1518,2,3
1523,3,11
1529,4,3
1531,5,11
1533,6,15
1536,1,11
1542,2,3
1547,3,11
1553,4,15
1555,5,11
1557,6,3
1560,1,11
1566,2,3
1571,3,11
1577,4,15
1579,5,11
1581,6,15
1584,1,15
1590,2,15
1595,3,11
1601,4,11
1603,5,11
1605,6,11
1608,1,3
1614,2,15
1619,3,11
1625,4,11
1627,5,11
1629,6,11
1632,1,3
1638,2,3
1643,3,11
1649,4,11
1651,5,11
1653,6,11
1656,1,11
1662,2,3
1667,3,11
1673,4,15
1675,5,11
1677,6,3
1680,1,11
1686,2,3
1691,3,11
1697,4,2
1699,5,11
1701,6,3
1704,1,11
1710,2,3
1715,3,11
1721,4,3
1723,5,11
1725,6,15
1728,1,11
1734,2,3
1739,3,11
1745,4,11
1747,5,15
1749,6,3
1752,1,11
1758,2,3
1763,3,11
1769,4,2
1771,5,11
1773,6,3
1776,1,11
1782,2,3
1787,3,11
1793,4,2
1795,5,11
1797,6,15
1800,1,3
1806,2,15
1811,3,11
1817,4,11
1819,5,11
1821,6,11
1824,1,3
1830,2,3
1835,3,11
1841,4,11
1843,5,11
1845,6,11
1848,1,11
1854,2,3
1859,3,11
1865,4,15
1867,5,11
1869,6,3
1872,1,11
1878,2,3
1883,3,11
1889,4,3
1891,5,11
1893,6,2
1896,1,11
1902,2,3
1907,3,3
1913,4,11
1915,5,11
1917,6,11
1920,1,3
1926,2,15
1931,3,11
1937,4,11
1939,5,11
1941,6,11
1944,1,15
1950,2,3
1955,3,11
1961,4,11
1963,5,11
1965,6,11
1968,1,11
1974,2,3
1979,3,11
1985,4,11
1987,5,15
1989,6,3
1992,1,11
1998,2,3
2003,3,11
2009,4,2
2011,5,11
2013,6,3
2016,1,11
2022,2,3
2027,3,11
2033,4,3
2035,5,11
2037,6,3
2040,1,11
2046,2,3
2051,3,11
2057,4,3
2059,5,11
2061,6,15
2064,1,3
2070,2,15
2075,3,11
2081,4,11
2083,5,11
2085,6,11
2088,1,11
2094,2,3
2099,3,3
2105,4,11
2107,5,11
2109,6,11
2112,1,15
2118,2,3
2123,3,11
2129,4,11
2131,5,11
2133,6,11
2136,1,15
2142,2,15
2147,3,11
2153,4,11
2155,5,11
2157,6,11
2160,1,11
2166,2,15
2171,3,11
2177,4,15
2179,5,11
2181,6,3
2184,1,11
2190,2,15
2195,3,11
2201,4,3
2203,5,11
2205,6,3
2208,1,11
2214,2,3
2219,3,11
2225,4,3
2227,5,11
2229,6,3
2232,1,11
2238,2,3
2243,3,11
2249,4,15
2251,5,11
2253,6,15
2256,1,11
2262,2,15
2267,3,11
2273,4,3
2275,5,11
2277,6,15
2280,1,3
2286,2,11
2291,3,11
2297,4,3
2299,5,11
2301,6,3
2304,1,3
2310,2,15
2315,3,11
2321,4,11
2323,5,11
2325,6,11
2328,1,11
2334,2,3
2339,3,11
2345,4,3
2347,5,11
2349,6,3
2352,1,15
2358,2,3
2363,3,11
2369,4,11
2371,5,11
2373,6,11
2376,1,15
2382,2,15
2387,3,11
2393,4,11
2395,5,11
2397,6,11
2400,1,11
2406,2,15
2411,3,11
2417,4,15
2419,5,11
2421,6,3
2424,1,11
2430,2,3
2435,3,11
2441,4,3
2443,5,11
2445,6,3
2448,1,3
2454,2,15
2459,3,11
2465,4,11
2467,5,11
2469,6,11
2472,1,11
2478,2,3
2483,3,3
2489,4,11
2491,5,11
2493,6,11
2496,1,11
2502,2,3
2507,3,11
2513,4,15
2515,5,11
2517,6,15
2520,1,15
2526,2,3
2531,3,11
2537,4,11
2539,5,11
2541,6,11
2544,1,11
2550,2,3
2555,3,11
2561,4,15
2563,5,11
2565,6,15
2568,1,3
2574,2,15
2579,3,11
2585,4,11
2587,5,11
2589,6,11
2592,1,15
2598,2,15
2603,3,11
2609,4,11
2611,5,11
2613,6,11
2616,1,11
2622,2,15
2627,3,11
2633,4,3
2635,5,11
2637,6,3
2640,1,3
2646,2,2
2651,3,11
2657,4,11
2659,5,11
2661,6,11
2664,1,3
2670,2,11
2675,3,11
2681,4,3
2683,5,11
2685,6,3
2688,1,11
2694,2,15
2699,3,11
2705,4,2
2707,5,11
2709,6,3
2712,1,11
2718,2,3
2723,3,11
2729,4,11
2731,5,3
2733,6,15
2736,1,3
2742,2,15
2747,3,11
2753,4,11
2755,5,11
2757,6,11
2760,1,15
2766,2,15
2771,3,11
2777,4,11
2779,5,11
2781,6,11
2784,1,15
2790,2,3
2795,3,11
2801,4,11
2803,5,11
2805,6,11
2808,1,3
2814,2,2
2819,3,11
2825,4,11
2827,5,11
2829,6,11
2832,1,15
2838,2,15
2843,3,11
2849,4,11
2851,5,11
2853,6,11
2856,1,11
2862,2,15
2867,3,11
2873,4,3
2875,5,11
2877,6,3
2880,1,11
2886,2,3
2891,3,11
2897,4,11
2899,5,15
2901,6,3
2904,1,11
2910,2,3
2915,3,11
2921,4,11
2923,5,3
2925,6,3
2928,1,3
2934,2,15
2939,3,11
2945,4,11
2947,5,11
2949,6,11
2952,1,11
2958,2,3
2963,3,11
2969,4,15
2971,5,11
2973,6,15
2976,1,15
2982,2,3
2987,3,11
2993,4,11
2995,5,11
2997,6,11
3000,1,11
3006,2,3
3011,3,3
3017,4,11
3019,5,11
3021,6,11
3024,1,15
3030,2,15
3035,3,11
3041,4,11
3043,5,11
3045,6,11
3048,1,3
3054,2,15
3059,3,11
3065,4,11
3067,5,11
3069,6,11
3072,1,15
3078,2,15
3083,3,11
3089,4,11
3091,5,11
3093,6,11
3096,1,11
3102,2,3
3107,3,11
3113,4,11
3115,5,15
3117,6,3
3120,1,11
3126,2,15
3131,3,11
3137,4,3
3139,5,11
3141,6,3
3144,1,15
3150,2,15
3155,3,11
3161,4,11
3163,5,11
3165,6,11
3168,1,15
3174,2,3
3179,3,11
3185,4,11
3187,5,11
3189,6,11
3192,1,11
3198,2,3
3203,3,11
3209,4,11
3211,5,3
3213,6,15
3216,1,11
3222,2,3
3227,3,11
3233,4,15
3235,5,11
3237,6,2
3240,1,2
3246,2,3
3251,3,11
3257,4,11
3259,5,11
3261,6,11
3264,1,15
3270,2,15
3275,3,11
3281,4,11
3283,5,11
3285,6,11
3288,1,15
3294,2,15
3299,3,11
3305,4,11
3307,5,11
3309,6,11
3312,1,11
3318,2,3
3323,3,11
3329,4,11
3331,5,15
3333,6,3
3336,1,11
3342,2,3
3347,3,11
3353,4,11
3355,5,3
3357,6,3
3360,1,11
3366,2,15
3371,3,11
3377,4,3
3379,5,11
3381,6,3
3384,1,15
3390,2,3
3395,3,11
3401,4,11
3403,5,11
3405,6,11
3408,1,15
3414,2,15
3419,3,11
3425,4,11
3427,5,11
3429,6,11
3432,1,11
3438,2,3
3443,3,11
3449,4,11
3451,5,2
3453,6,3
3456,1,15
3462,2,15
3467,3,11
3473,4,11
3475,5,11
3477,6,11
3480,1,2
3486,2,3
3491,3,11
3497,4,11
3499,5,11
3501,6,11
3504,1,11
3510,2,3
3515,3,11
3521,4,11
3523,5,15
3525,6,3
3528,1,15
3534,2,3
3539,3,11
3545,4,11
3547,5,11
3549,6,11
3552,1,15
3558,2,15
3563,3,11
3569,4,11
3571,5,11
3573,6,11
3576,1,11
3582,2,3
3587,3,11
3593,4,15
3595,5,11
3597,6,15
3600,1,11
3606,2,3
3611,3,11
3617,4,3
3619,5,11
3621,6,15
3624,1,3
3630,2,2
3635,3,11
3641,4,11
3643,5,11
3645,6,11
3648,1,15
3654,2,3
3659,3,11
3665,4,11
3667,5,11
3669,6,11
3672,1,11
3678,2,3
3683,3,11
3689,4,15
3691,5,11
3693,6,15
3696,1,11
3702,2,15
3707,3,11
3713,4,15
3715,5,11
3717,6,3
3720,1,3
3726,2,3
3731,3,11
3737,4,11
3739,5,11
3741,6,11
3744,1,11
3750,2,15
3755,3,11
3761,4,15
3763,5,11
3765,6,15
3768,1,3
3774,2,2
3779,3,11
3785,4,11
3787,5,11
3789,6,11
3792,1,3
3798,2,11
3803,3,11
3809,4,15
3811,5,11
3813,6,3
3816,1,11
3822,2,15
3827,3,3
3833,4,11
3835,5,11
3837,6,11
3840,1,11
3846,2,3
3851,3,11
3857,4,11
3859,5,2
3861,6,3
3864,1,11
3870,2,3
3875,3,11
3881,4,11
3883,5,3
3885,6,3
3888,1,11
3894,2,3
3899,3,11
3905,4,15
3907,5,11
3909,6,15
3912,1,11
3918,2,3
3923,3,11
3929,4,15
3931,5,11
3933,6,15
3936,1,11
3942,2,15
3947,3,11
3953,4,11
3955,5,3
3957,6,3
3960,1,11
3966,2,3
3971,3,11
3977,4,3
3979,5,11
3981,6,15
3984,1,3
3990,2,2
3995,3,11
4001,4,11
4003,5,11
4005,6,11
4008,1,15
4014,2,2
4019,3,11
4025,4,11
4027,5,11
4029,6,11
4032,1,11
4038,2,3
4043,3,11
4049,4,15
4051,5,11
4053,6,3
4056,1,3
4062,2,3
4067,3,11
4073,4,11
4075,5,11
4077,6,11
4080,1,11
4086,2,3
4091,3,11
4097,4,3
4099,5,11
4101,6,15
4104,1,11
4110,2,15
4115,3,3
4121,4,11
4123,5,11
4125,6,11
4128,1,11
4134,2,3
4139,3,11
4145,4,2
4147,5,11
4149,6,15
4152,1,11
4158,2,3
4163,3,11
4169,4,15
4171,5,11
4173,6,15
4176,1,11
4182,2,3
4187,3,11
4193,4,15
4195,5,11
4197,6,15
4200,1,11
4206,2,15
4211,3,3
4217,4,11
4219,5,11
4221,6,11
4224,1,15
4230,2,2
4235,3,11
4241,4,11
4243,5,11
4245,6,11
4248,1,11
4254,2,15
4259,3,11
4265,4,15
4267,5,11
4269,6,3
4272,1,11
4278,2,2
4283,3,11
4289,4,3
4291,5,11
4293,6,3
4296,1,11
4302,2,3
4307,3,11
4313,4,9
4315,5,11
4317,6,3
4320,1,3
4326,2,11
4331,3,11
4337,4,15
4339,5,11
4341,6,3
4344,1,2
4350,2,3
4355,3,11
4361,4,11
4363,5,11
4365,6,11
4368,1,3
4374,2,15
4379,3,11
4385,4,11
4387,5,11
4389,6,11
4392,1,2
4398,2,15
4403,3,11
4409,4,11
4411,5,11
4413,6,11
4416,1,11
4422,2,3
4427,3,11
4433,4,11
4435,5,3
4437,6,3
4440,1,11
4446,2,3
4451,3,11
4457,4,15
4459,5,11
4461,6,15
4464,1,11
4470,2,15
4475,3,11
4481,4,11
4483,5,3
4485,6,3
4488,1,11
4494,2,3
4499,3,11
4505,4,3
4507,5,11
4509,6,15
4512,1,11
4518,2,3
4523,3,11
4529,4,2
4531,5,11
4533,6,3
4536,1,11
4542,2,3
4547,3,11
4553,4,2
4555,5,11
4557,6,15
4560,1,11
4566,2,3
4571,3,11
4577,4,11
4579,5,15
4581,6,15
4584,1,11
4590,2,3
4595,3,11
4601,4,2
4603,5,11
4605,6,15
4608,1,11
4614,2,15
4619,3,11
4625,4,15
4627,5,11
4629,6,3
4632,1,11
4638,2,3
4643,3,3
4649,4,11
4651,5,11
4653,6,11
4656,1,11
4662,2,3
4667,3,11
4673,4,2
4675,5,11
4677,6,15
4680,1,2
4686,2,3
4691,3,11
4697,4,11
4699,5,11
4701,6,11
4704,1,11
4710,2,3
4715,3,15
4721,4,11
4723,5,11
4725,6,11
4728,1,2
4734,2,15
4739,3,11
4745,4,11
4747,5,11
4749,6,11
4752,1,3
4758,2,3
4763,3,11
4769,4,11
4771,5,11
4773,6,11
4776,1,11
4782,2,3
4787,3,11
4793,4,3
4795,5,11
4797,6,15
4800,1,11
4806,2,3
4811,3,11
4817,4,15
4819,5,11
4821,6,15
4824,1,11
4830,2,3
4835,3,11
4841,4,15
4843,5,11
4845,6,2
4848,1,11
4854,2,3
4859,3,11
4865,4,3
4867,5,11
4869,6,2
4872,1,11
4878,2,3
4883,3,11
4889,4,11
4891,5,15
4893,6,3
4896,1,2
4902,2,3
4907,3,11
4913,4,11
4915,5,11
4917,6,11
4920,1,11
4926,2,3
4931,3,3
4937,4,11
4939,5,11
4941,6,11
4944,1,11
4950,2,3
4955,3,15
4961,4,11
4963,5,11
4965,6,11
4968,1,11
4974,2,3
4979,3,11
4985,4,15
4987,5,11
4989,6,2
4992,1,3
4998,2,3
5003,3,11
5009,4,11
5011,5,11
5013,6,11
5016,1,11
5022,2,3
5027,3,15
5033,4,11
5035,5,11
5037,6,11
5040,1,3
5046,2,15
5051,3,11
5057,4,11
5059,5,11
5061,6,11
5064,1,11
5070,2,3
5075,3,11
5081,4,2
5083,5,11
5085,6,3
5088,1,3
5094,2,3
5099,3,11
5105,4,11
5107,5,11
5109,6,11
5112,1,11
5118,2,15
5123,3,11
5129,4,3
5131,5,11
5133,6,15
5136,1,15
5142,2,15
5147,3,11
5153,4,11
5155,5,11
5157,6,11
5160,1,11
5166,2,3
5171,3,11
5177,4,11
5179,5,15
5181,6,15
5184,1,15
5190,2,3
5195,3,11
5201,4,11
5203,5,11
5205,6,11
5208,1,11
5214,2,3
5219,3,11
5225,4,3
5227,5,11
5229,6,15
5232,1,11
5238,2,3
5243,3,11
5249,4,2
5251,5,11
5253,6,15
5256,1,11
5262,2,3
5267,3,11
5273,4,3
5275,5,11
5277,6,15
5280,1,11
5286,2,3
5291,3,11
5297,4,10
5299,5,11
5301,6,3
5304,1,11
5310,2,15
5315,3,11
5321,4,15
5323,5,11
5325,6,3
5328,1,3
5334,2,3
5339,3,11
5345,4,11
5347,5,11
5349,6,11
5352,1,11
5358,2,3
5363,3,11
5369,4,3
5371,5,11
5373,6,2
5376,1,11
5382,2,3
5387,3,11
5393,4,11
5395,5,15
5397,6,3
5400,1,11
5406,2,3
5411,3,11
5417,4,2
5419,5,11
5421,6,2
5424,1,15
5430,2,15
5435,3,11
5441,4,11
5443,5,11
5445,6,11
5448,1,3
5454,2,3
5459,3,11
5465,4,11
5467,5,11
5469,6,11
5472,1,15
5478,2,3
5483,3,11
5489,4,11
5491,5,11
5493,6,11
5496,1,11
5502,2,15
5507,3,11
5513,4,15
5515,5,11
5517,6,3
5520,1,15
5526,2,15
5531,3,11
5537,4,11
5539,5,11
5541,6,11
5544,1,11
5550,2,3
5555,3,11
5561,4,3
5563,5,11
5565,6,3
5568,1,11
5574,2,3
5579,3,11
5585,4,15
5587,5,11
5589,6,15
5592,1,11
5598,2,15
5603,3,11
5609,4,15
5611,5,11
5613,6,15
5616,1,11
5622,2,15
5627,3,11
5633,4,3
5635,5,11
5637,6,15
5640,1,3
5646,2,11
5651,3,11
5657,4,15
5659,5,11
5661,6,3
5664,1,11
5670,2,15
5675,3,11
5681,4,3
5683,5,11
5685,6,15
5688,1,11
5694,2,3
5699,3,11
5705,4,3
5707,5,11
5709,6,15
5712,1,3
5718,2,11
5723,3,11
5729,4,3
5731,5,11
5733,6,15
5736,1,11
5742,2,3
5747,3,11
5753,4,2
5755,5,11
5757,6,3
5760,1,15
5766,2,3
5771,3,11
5777,4,11
5779,5,11
5781,6,11
5784,1,11
5790,2,3
5795,3,11
5801,4,3
5803,5,11
5805,6,15
5808,1,11
5814,2,15
5819,3,11
5825,4,15
5827,5,11
5829,6,3
5832,1,15
5838,2,15
5843,3,11
5849,4,11
5851,5,11
5853,6,11
5856,1,11
5862,2,3
5867,3,11
5873,4,11
5875,5,3
5877,6,15
5880,1,11
5886,2,15
5891,3,11
5897,4,15
5899,5,11
5901,6,15
5904,1,3
5910,2,11
5915,3,11
5921,4,15
5923,5,11
5925,6,3
5928,1,11
5934,2,3
5939,3,11
5945,4,15
5947,5,11
5949,6,3
5952,1,11
5958,2,3
5963,3,11
5969,4,3
5971,5,11
5973,6,3
5976,1,11
5982,2,3
5987,3,11
5993,4,10
5995,5,11
5997,6,3
6000,1,15
6006,2,3
6011,3,11
6017,4,11
6019,5,11
6021,6,11
6024,1,11
6030,2,3
6035,3,11
6041,4,3
6043,5,11
6045,6,3
6048,1,11
6054,2,3
6059,3,11
6065,4,3
6067,5,11
6069,6,2
6072,1,11
6078,2,3
6083,3,11
6089,4,15
6091,5,11
6093,6,15
6096,1,3
6102,2,3
6107,3,11
6113,4,11
6115,5,11
6117,6,11
6120,1,3
6126,2,15
6131,3,11
6137,4,11
6139,5,11
6141,6,11
6144,1,11
6150,2,3
6155,3,11
6161,4,15
6163,5,11
6165,6,3
6168,1,11
6174,2,15
6179,3,11
6185,4,15
6187,5,11
6189,6,3
6192,1,11
6198,2,3
6203,3,3
6209,4,11
6211,5,11
6213,6,11
6216,1,11
6222,2,3
6227,3,11
6233,4,3
6235,5,11
6237,6,3
6240,1,11
6246,2,3
6251,3,11
6257,4,15
6259,5,11
6261,6,15
6264,1,11
6270,2,15
6275,3,11
6281,4,2
6283,5,11
6285,6,3
6288,1,11
6294,2,15
6299,3,11
6305,4,3
6307,5,11
6309,6,15
6312,1,3
6318,2,11
6323,3,11
6329,4,15
6331,5,11
6333,6,3
6336,1,15
6342,2,15
6347,3,11
6353,4,11
6355,5,11
6357,6,11
6360,1,11
6366,2,15
6371,3,11
6377,4,11
6379,5,15
6381,6,3
6384,1,11
6390,2,3
6395,3,3
6401,4,11
6403,5,11
6405,6,11
6408,1,11
6414,2,15
6419,3,11
6425,4,2
6427,5,11
6429,6,3
6432,1,3
6438,2,2
6443,3,11
6449,4,11
6451,5,11
6453,6,11
6456,1,11
6462,2,3
6467,3,3
6473,4,11
6475,5,11
6477,6,11
6480,1,3
6486,2,11
6491,3,11
6497,4,3
6499,5,11
6501,6,15
6504,1,11
6510,2,15
6515,3,11
6521,4,2
6523,5,11
6525,6,15
6528,1,3
6534,2,11
6539,3,11
6545,4,2
6547,5,11
6549,6,3
6552,1,11
6558,2,3
6563,3,11
6569,4,11
6571,5,3
6573,6,15
6576,1,3
6582,2,3
6587,3,11
6593,4,11
6595,5,11
6597,6,11
6600,1,3
6606,2,15
6611,3,11
6617,4,11
6619,5,11
6621,6,11
6624,1,11
6630,2,15
6635,3,11
6641,4,15
6643,5,11
6645,6,3
6648,1,11
6654,2,3
6659,3,11
6665,4,11
6667,5,3
6669,6,15
6672,1,15
6678,2,15
6683,3,11
6689,4,11
6691,5,11
6693,6,11
6696,1,11
6702,2,15
6707,3,11
6713,4,3
6715,5,11
6717,6,2
6720,1,3
6726,2,11
6731,3,11
6737,4,15
6739,5,11
6741,6,3
6744,1,11
6750,2,2
6755,3,11
6761,4,15
6763,5,11
6765,6,3
6768,1,11
6774,2,3
6779,3,11
6785,4,3
6787,5,11
6789,6,3
6792,1,11
6798,2,15
6803,3,11
6809,4,15
6811,5,11
6813,6,3
6816,1,11
6822,2,15
6827,3,11
6833,4,3
6835,5,11
6837,6,3
6840,1,11
6846,2,15
6851,3,3
6857,4,11
6859,5,11
6861,6,11
6864,1,3
6870,2,3
6875,3,11
6881,4,11
6883,5,11
6885,6,11
6888,1,11
6894,2,15
6899,3,11
6905,4,3
6907,5,11
6909,6,15
6912,1,11
6918,2,3
6923,3,11
6929,4,2
6931,5,11
6933,6,3
6936,1,11
6942,2,3
6947,3,3
6953,4,11
6955,5,11
6957,6,11
6960,1,11
6966,2,3
6971,3,11
6977,4,11
6979,5,15
6981,6,15
6984,1,11
6990,2,3
6995,3,11
7001,4,11
7003,5,3
7005,6,15
7008,1,11
7014,2,3
7019,3,11
7025,4,15
7027,5,11
7029,6,15
7032,1,15
7038,2,15
7043,3,11
7049,4,11
7051,5,11
7053,6,11
7056,1,11
7062,2,15
7067,3,11
7073,4,15
7075,5,11
7077,6,3
7080,1,15
7086,2,15
7091,3,11
7097,4,11
7099,5,11
7101,6,11
7104,1,11
7110,2,15
7115,3,11
7121,4,11
7123,5,15
7125,6,3
7128,1,11
7134,2,3
7139,3,11
7145,4,11
7147,5,15
7149,6,3
7152,1,11
7158,2,15
7163,3,11
7169,4,2
7171,5,11
7173,6,3
7176,1,11
7182,2,15
7187,3,11
7193,4,3
7195,5,11
7197,6,3
7200,1,11
7206,2,3
7211,3,11
7217,4,11
7219,5,15
7221,6,15
7224,1,11
7230,2,3
7235,3,11
7241,4,11
7243,5,3
7245,6,15
7248,1,11
7254,2,15
7259,3,11
7265,4,3
7267,5,11
7269,6,15
7272,1,3
7278,2,11
7283,3,11
7289,4,3
7291,5,11
7293,6,3
7296,1,3
7302,2,11
7307,3,11
7313,4,2
7315,5,11
7317,6,3
7320,1,11
7326,2,3
7331,3,11
7337,4,15
7339,5,11
7341,6,2
7344,1,11
7350,2,15
7355,3,3
7361,4,11
7363,5,11
7365,6,11
7368,1,15
7374,2,2
7379,3,11
7385,4,11
7387,5,11
7389,6,11
7392,1,15
7398,2,15
7403,3,11
7409,4,11
7411,5,11
7413,6,11
7416,1,15
7422,2,15
7427,3,11
7433,4,11
7435,5,11
7437,6,11
7440,1,11
7446,2,3
7451,3,11
7457,4,11
7459,5,15
7461,6,3
7464,1,11
7470,2,15
7475,3,11
7481,4,3
7483,5,11
7485,6,3
7488,1,11
7494,2,15
7499,3,11
7505,4,15
7507,5,11
7509,6,3
7512,1,11
7518,2,3
7523,3,11
7529,4,3
7531,5,11
7533,6,3
7536,1,11
7542,2,3
7547,3,11
7553,4,11
7555,5,3
7557,6,2
7560,1,2
7566,2,3
7571,3,11
7577,4,11
7579,5,11
7581,6,11
7584,1,11
7590,2,3
7595,3,11
7601,4,11
7603,5,15
7605,6,15
7608,1,11
7614,2,15
7619,3,11
7625,4,3
7627,5,11
7629,6,3
7632,1,11
7638,2,3
7643,3,11
7649,4,11
7651,5,3
7653,6,15
7656,1,11
7662,2,15
7667,3,11
7673,4,2
7675,5,11
7677,6,3
7680,1,11
7686,2,15
7691,3,11
7697,4,3
7699,5,11
7701,6,15
7704,1,11
7710,2,15
7715,3,11
7721,4,3
7723,5,11
7725,6,3
7728,1,11
7734,2,15
7739,3,11
7745,4,15
7747,5,11
7749,6,15
7752,1,11
7758,2,3
7763,3,11
7769,4,11
7771,5,2
7773,6,15
7776,1,11
7782,2,3
7787,3,15
7793,4,11
7795,5,11
7797,6,11
7800,1,15
7806,2,15
7811,3,11
7817,4,11
7819,5,11
7821,6,11
7824,1,11
7830,2,3
7835,3,11
7841,4,11
7843,5,15
7845,6,3
7848,1,11
7854,2,15
7859,3,11
7865,4,15
7867,5,11
7869,6,3
7872,1,11
7878,2,15
7883,3,11
7889,4,3
7891,5,11
7893,6,3
7896,1,15
7902,2,15
7907,3,11
7913,4,11
7915,5,11
7917,6,11
7920,1,11
7926,2,3
7931,3,11
7937,4,11
7939,5,15
7941,6,15
7944,1,11
7950,2,3
7955,3,11
7961,4,15
7963,5,11
7965,6,15
7968,1,15
7974,2,15
7979,3,11
7985,4,11
7987,5,11
7989,6,11
7992,1,2
7998,2,15
8003,3,11
8009,4,11
8011,5,11
8013,6,11
8016,1,3
8022,2,11
8027,3,11
8033,4,3
8035,5,11
8037,6,3
8040,1,11
8046,2,3
8051,3,11
8057,4,15
8059,5,11
8061,6,2
8064,1,11
8070,2,3
8075,3,11
8081,4,11
8083,5,2
8085,6,3
8088,1,11
8094,2,3
8099,3,11
8105,4,11
8107,5,2
8109,6,3
8112,1,11
8118,2,15
8123,3,11
8129,4,3
8131,5,11
8133,6,3
8136,1,11
8142,2,3
8147,3,11
8153,4,11
8155,5,15
8157,6,3
8160,1,11
8166,2,3
8171,3,3
8177,4,11
8179,5,11
8181,6,11
8184,1,15
8190,2,15
8195,3,11
8201,4,11
8203,5,11
8205,6,11
8208,1,11
8214,2,15
8219,3,3
8225,4,11
8227,5,11
8229,6,11
8232,1,11
8238,2,3
8243,3,11
8249,4,15
8251,5,11
8253,6,15
8256,1,11
8262,2,3
8267,3,11
8273,4,11
8275,5,3
8277,6,2
8280,1,15
8286,2,11
8291,3,11
8297,4,3
8299,5,11
8301,6,3
8304,1,11
8310,2,15
8315,3,11
8321,4,3
8323,5,11
8325,6,3
8328,1,3
8334,2,11
8339,3,11
8345,4,3
8347,5,11
8349,6,3
8352,1,11
8358,2,15
8363,3,11
8369,4,15
8371,5,11
8373,6,15
8376,1,11
8382,2,15
8387,3,11
8393,4,3
8395,5,11
8397,6,3
8400,1,15
8406,2,15
8411,3,11
8417,4,11
8419,5,11
8421,6,11
8424,1,11
8430,2,15
8435,3,11
8441,4,15
8443,5,11
8445,6,15
8448,1,15
8454,2,15
8459,3,11
8465,4,11
8467,5,11
8469,6,11
8472,1,11
8478,2,3
8483,3,15
8489,4,11
8491,5,11
8493,6,11
8496,1,11
8502,2,15
8507,3,11
8513,4,2
8515,5,11
8517,6,3
8520,1,3
8526,2,11
8531,3,11
8537,4,15
8539,5,11
8541,6,15
8544,1,3
8550,2,3
8555,3,11
8561,4,11
8563,5,11
8565,6,11
8568,1,11
8574,2,3
8579,3,3
8585,4,11
8587,5,11
8589,6,11
8592,1,11
8598,2,3
8603,3,11
8609,4,11
8611,5,2
8613,6,15
8616,1,11
8622,2,3
8627,3,11
8633,4,15
8635,5,11
8637,6,15
8640,1,11
8646,2,3
8651,3,11
8657,4,11
8659,5,3
8661,6,15
8664,1,11
8670,2,15
8675,3,11
8681,4,11
8683,5,3
8685,6,15
8688,1,15
8694,2,15
8699,3,11
8705,4,11
8707,5,11
8709,6,11
8712,1,11
8718,2,3
8723,3,11
8729,4,15
8731,5,11
8733,6,3
8736,1,11
8742,2,3
8747,3,11
8753,4,15
8755,5,11
8757,6,15
8760,1,11
8766,2,3
8771,3,11
8777,4,15
8779,5,11
8781,6,3
8784,1,15
8790,2,15
8795,3,11
8801,4,11
8803,5,11
8805,6,11
8808,1,11
8814,2,3
8819,3,11
8825,4,11
8827,5,2
8829,6,3
8832,1,11
8838,2,3
8843,3,11
8849,4,2
8851,5,11
8853,6,15
8856,1,11
8862,2,3
8867,3,11
8873,4,11
8875,5,2
8877,6,3
8880,1,15
8886,2,15
8891,3,11
8897,4,11
8899,5,11
8901,6,11
8904,1,11
8910,2,3
8915,3,11
8921,4,11
8923,5,15
8925,6,15
8928,1,15
8934,2,15
8939,3,11
8945,4,11
8947,5,11
8949,6,11
8952,1,11
8958,2,3
8963,3,11
8969,4,2
8971,5,11
8973,6,15
8976,1,11
8982,2,3
8987,3,11
8993,4,11
8995,5,3
8997,6,3
9000,1,11
9006,2,3
9011,3,11
9017,4,15
9019,5,11
9021,6,15
9024,1,11
9030,2,15
9035,3,11
9041,4,11
9043,5,15
9045,6,3
9048,1,15
9054,2,15
9059,3,11
9065,4,11
9067,5,11
9069,6,11
9072,1,11
9078,2,15
9083,3,11
9089,4,11
9091,5,3
9093,6,3
9096,1,15
9102,2,2
9107,3,11
9113,4,11
9115,5,11
9117,6,11
9120,1,11
9126,2,3
9131,3,11
9137,4,11
9139,5,3
9141,6,3
9144,1,11
9150,2,3
9155,3,11
9161,4,15
9163,5,11
9165,6,15
9168,1,3
9174,2,11
9179,3,11
9185,4,11
9187,5,3
9189,6,3
9192,1,11
9198,2,3
9203,3,11
9209,4,3
9211,5,11
9213,6,2
9216,1,11
9222,2,2
9227,3,11
9233,4,15
9235,5,11
9237,6,3
9240,1,15
9246,2,11
9251,3,11
9257,4,3
9259,5,11
9261,6,3
9264,1,15
9270,2,15
9275,3,11
9281,4,11
9283,5,11
9285,6,11
9288,1,11
9294,2,2
9299,3,11
9305,4,3
9307,5,11
9309,6,3
9312,1,11
9318,2,15
9323,3,11
9329,4,15
9331,5,11
9333,6,15
9336,1,15
9342,2,15
9347,3,11
9353,4,11
9355,5,11
9357,6,11
9360,1,15
9366,2,15
9371,3,11
9377,4,11
9379,5,11
9381,6,11
9384,1,11
9390,2,3
9395,3,11
9401,4,9
9403,5,11
9405,6,3
9408,1,11
9414,2,2
9419,3,11
9425,4,3
9427,5,11
9429,6,15
9432,1,11
9438,2,15
9443,3,3
9449,4,11
9451,5,11
9453,6,11
9456,1,11
9462,2,15
9467,3,11
9473,4,3
9475,5,11
9477,6,3
9480,1,11
9486,2,3
9491,3,11
9497,4,9
9499,5,11
9501,6,15
9504,1,3
9510,2,11
9515,3,11
9521,4,15
9523,5,11
9525,6,15
9528,1,3
9534,2,2
9539,3,11
9545,4,11
9547,5,11
9549,6,11
9552,1,15
9558,2,15
9563,3,11
9569,4,11
9571,5,11
9573,6,11
9576,1,11
9582,2,15
9587,3,11
9593,4,11
9595,5,15
9597,6,3
9600,1,11
9606,2,3
9611,3,11
9617,4,15
9619,5,11
9621,6,15
9624,1,11
9630,2,3
9635,3,15
9641,4,11
9643,5,11
9645,6,11
9648,1,11
9654,2,3
9659,3,11
9665,4,11
9667,5,3
9669,6,15
9672,1,15
9678,2,2
9683,3,11
9689,4,11
9691,5,11
9693,6,11
9696,1,15
9702,2,3
9707,3,11
9713,4,11
9715,5,11
9717,6,11
9720,1,11
9726,2,2
9731,3,11
9737,4,15
9739,5,11
9741,6,3
9744,1,15
9750,2,15
9755,3,11
9761,4,11
9763,5,11
9765,6,11
9768,1,11
9774,2,3
9779,3,11
9785,4,2
9787,5,11
9789,6,15
9792,1,11
9798,2,15
9803,3,11
9809,4,11
9811,5,3
9813,6,15
9816,1,11
9822,2,15
9827,3,11
9833,4,15
9835,5,11
9837,6,2
9840,1,11
9846,2,3
9851,3,11
9857,4,2
9859,5,11
9861,6,15
9864,1,11
9870,2,3
9875,3,11
9881,4,11
9883,5,15
9885,6,15
9888,1,11
9894,2,3
9899,3,11
9905,4,15
9907,5,11
9909,6,3
9912,1,11
9918,2,3
9923,3,11
9929,4,2
9931,5,11
9933,6,15
9936,1,11
9942,2,15
9947,3,11
9953,4,15
9955,5,11
9957,6,3
9960,1,11
9966,2,3
9971,3,11
9977,4,11
9979,5,3
9981,6,3
9984,1,15
9990,2,15
9995,3,11
10001,4,11
10003,5,11
10005,6,11
10008,1,3
10014,2,2
10019,3,11
10025,4,11
10027,5,11
10029,6,11
10032,1,11
10038,2,15
10043,3,11
10049,4,15
10051,5,11
10053,6,15
10056,1,11
10062,2,3
10067,3,11
10073,4,11
10075,5,15
10077,6,15
10080,1,11
10086,2,3
10091,3,11
10097,4,2
10099,5,11
10101,6,15
10104,1,2
10110,2,15
10115,3,11
10121,4,11
10123,5,11
10125,6,11
10128,1,11
10134,2,3
10139,3,11
10145,4,3
10147,5,11
10149,6,15
10152,1,11
10158,2,3
10163,3,11
10169,4,11
10171,5,3
10173,6,3
10176,1,11
10182,2,3
10187,3,11
10193,4,15
10195,5,11
10197,6,15
10200,1,11
10206,2,15
10211,3,3
10217,4,11
10219,5,11
10221,6,11
10224,1,11
10230,2,3
10235,3,11
10241,4,9
10243,5,11
10245,6,3
10248,1,11
10254,2,3
10259,3,11
10265,4,15
10267,5,11
10269,6,2
10272,1,15
10278,2,15
10283,3,11
10289,4,11
10291,5,11
10293,6,11
10296,1,11
10302,2,15
10307,3,11
10313,4,11
10315,5,15
10317,6,3
10320,1,11
10326,2,15
10331,3,11
10337,4,11
10339,5,3
10341,6,3
10344,1,3
10350,2,3
10355,3,11
10361,4,11
10363,5,11
10365,6,11
10368,1,11
10374,2,3
10379,3,11
10385,4,11
10387,5,3
10389,6,3
10392,1,15
10398,2,15
10403,3,11
10409,4,11
10411,5,11
10413,6,11
10416,1,3
10422,2,11
10427,3,11
10433,4,11
10435,5,3
10437,6,3
10440,1,11
10446,2,15
10451,3,11
10457,4,11
10459,5,3
10461,6,3
10464,1,15
10470,2,15
10475,3,11
10481,4,11
10483,5,11
10485,6,11
10488,1,11
10494,2,3
10499,3,11
10505,4,11
10507,5,15
10509,6,15
10512,1,11
10518,2,2
10523,3,11
10529,4,3
10531,5,11
10533,6,3
10536,1,11
10542,2,3
10547,3,3
10553,4,11
10555,5,11
10557,6,11
10560,1,11
10566,2,3
10571,3,11
10577,4,9
10579,5,11
10581,6,3
10584,1,11
10590,2,15
10595,3,11
10601,4,11
10603,5,2
10605,6,3
10608,1,11
10614,2,2
10619,3,11
10625,4,2
10627,5,11
10629,6,3
10632,1,11
10638,2,3
10643,3,11
10649,4,15
10651,5,11
10653,6,2
10656,1,15
10662,2,15
10667,3,11
10673,4,11
10675,5,11
10677,6,11
10680,1,3
10686,2,11
10691,3,11
10697,4,3
10699,5,11
10701,6,3
10704,1,2
10710,2,15
10715,3,11
10721,4,11
10723,5,11
10725,6,11
10728,1,11
10734,2,15
10739,3,11
10745,4,11
10747,5,15
10749,6,3
10752,1,11
10758,2,15
10763,3,3
10769,4,11
10771,5,11
10773,6,11
10776,1,15
10782,2,15
10787,3,11
10793,4,11
10795,5,11
10797,6,11
10800,1,11
10806,2,15
10811,3,3
10817,4,11
10819,5,11
10821,6,11
10824,1,11
10830,2,15
10835,3,11
10841,4,15
10843,5,11
10845,6,15
10848,1,3
10854,2,15
10859,3,11
10865,4,11
10867,5,11
10869,6,11
10872,1,11
10878,2,15
10883,3,11
10889,4,3
10891,5,11
10893,6,15
10896,1,11
10902,2,3
10907,3,11
10913,4,2
10915,5,11
10917,6,15
10920,1,11
10926,2,3
10931,3,11
10937,4,11
10939,5,15
10941,6,15
10944,1,11
10950,2,3
10955,3,11
10961,4,3
10963,5,11
10965,6,15
10968,1,11
10974,2,3
10979,3,11
10985,4,2
10987,5,11
10989,6,15
10992,1,11
10998,2,15
11003,3,11
11009,4,15
11011,5,11
11013,6,3
11016,1,11
11022,2,3
11027,3,11
11033,4,3
11035,5,11
11037,6,15
11040,1,11
11046,2,3
11051,3,3
11057,4,11
11059,5,11
11061,6,11
11064,1,3
11070,2,11
11075,3,11
11081,4,3
11083,5,11
11085,6,15
11088,1,11
11094,2,3
11099,3,11
11105,4,11
11107,5,3
11109,6,3
11112,1,15
11118,2,2
11123,3,11
11129,4,11
11131,5,11
11133,6,11
11136,1,11
11142,2,3
11147,3,15
11153,4,11
11155,5,11
11157,6,11
11160,1,11
11166,2,3
11171,3,11
11177,4,10
11179,5,11
11181,6,3
11184,1,15
11190,2,15
11195,3,11
11201,4,11
11203,5,11
11205,6,11
11208,1,11
11214,2,15
11219,3,11
11225,4,15
11227,5,11
11229,6,3
11232,1,11
11238,2,3
11243,3,11
11249,4,3
11251,5,11
11253,6,15
11256,1,11
11262,2,3
11267,3,11
11273,4,10
11275,5,11
11277,6,15
11280,1,11
11286,2,3
11291,3,11
11297,4,15
11299,5,11
11301,6,2
11304,1,11
11310,2,15
11315,3,11
11321,4,15
11323,5,11
11325,6,15
11328,1,2
11334,2,15
11339,3,11
11345,4,11
11347,5,11
11349,6,11
11352,1,11
11358,2,15
11363,3,11
11369,4,15
11371,5,11
11373,6,15
11376,1,11
11382,2,15
11387,3,3
11393,4,11
11395,5,11
11397,6,11
11400,1,11
11406,2,3
11411,3,11
11417,4,2
11419,5,11
11421,6,2
11424,1,11
11430,2,15
11435,3,11
11441,4,11
11443,5,3
11445,6,3
11448,1,11
11454,2,3
11459,3,11
11465,4,11
11467,5,15
11469,6,2
11472,1,11
11478,2,3
11483,3,11
11489,4,11
11491,5,15
11493,6,15
11496,1,11
11502,2,3
11507,3,11
11513,4,2
11515,5,11
11517,6,2
11520,1,15
11526,2,2
11531,3,11
11537,4,11
11539,5,11
11541,6,11
11544,1,11
11550,2,15
11555,3,11
11561,4,11
11563,5,2
11565,6,3
11568,1,11
11574,2,15
11579,3,11
11585,4,11
11587,5,3
11589,6,3
11592,1,11
11598,2,15
11603,3,11
11609,4,11
11611,5,3
11613,6,3
11616,1,11
11622,2,3
11627,3,11
11633,4,15
11635,5,11
11637,6,2
11640,1,11
11646,2,2
11651,3,11
11657,4,3
11659,5,11
11661,6,3
11664,1,11
11670,2,15
11675,3,11
11681,4,15
11683,5,11
11685,6,15
11688,1,11
11694,2,15
11699,3,11
11705,4,15
11707,5,11
11709,6,15
11712,1,15
11718,2,2
11723,3,11
11729,4,11
11731,5,11
11733,6,11
11736,1,11
11742,2,15
11747,3,11
11753,4,3
11755,5,11
11757,6,15
11760,1,2
11766,2,15
11771,3,11
11777,4,11
11779,5,11
11781,6,11
11784,1,11
11790,2,3
11795,3,11
11801,4,3
11803,5,11
11805,6,15
11808,1,11
11814,2,3
11819,3,11
11825,4,3
11827,5,11
11829,6,15
11832,1,3
11838,2,11
11843,3,11
11849,4,15
11851,5,11
11853,6,15
11856,1,3
11862,2,11
11867,3,11
11873,4,3
11875,5,11
11877,6,15
11880,1,11
11886,2,15
11891,3,11
11897,4,15
11899,5,11
11901,6,3
11904,1,11
11910,2,15
11915,3,3
11921,4,11
11923,5,11
11925,6,11
11928,1,11
11934,2,3
11939,3,11
11945,4,2
11947,5,11
11949,6,3
11952,1,11
11958,2,15
11963,3,11
11969,4,3
11971,5,11
11973,6,15
11976,1,11
11982,2,3
11987,3,11
11993,4,2
11995,5,11
11997,6,15
12000,1,11
12006,2,3
12011,3,11
12017,4,3
12019,5,11
12021,6,15
12024,1,11
12030,2,15
12035,3,3
12041,4,11
12043,5,11
12045,6,11
12048,1,3
12054,2,11
12059,3,11
12065,4,3
12067,5,11
12069,6,15
12072,1,15
12078,2,3
12083,3,11
12089,4,11
12091,5,11
12093,6,11
12096,1,11
12102,2,15
12107,3,11
12113,4,2
12115,5,11
12117,6,15
12120,1,11
12126,2,15
12131,3,11
12137,4,15
12139,5,11
12141,6,15
12144,1,15
12150,2,2
12155,3,11
12161,4,11
12163,5,11
12165,6,11
12168,1,15
12174,2,11
12179,3,11
12185,4,15
12187,5,11
12189,6,3
12192,1,11
12198,2,15
12203,3,11
12209,4,15
12211,5,11
12213,6,3
12216,1,3
12222,2,11
12227,3,11
12233,4,15
12235,5,11
12237,6,3
12240,1,11
12246,2,15
12251,3,11
12257,4,15
12259,5,11
12261,6,15
12264,1,11
12270,2,3
12275,3,11
12281,4,15
12283,5,11
12285,6,3
12288,1,11
12294,2,3
12299,3,11
12305,4,15
12307,5,11
12309,6,3
12312,1,11
12318,2,3
12323,3,11
12329,4,3
12331,5,11
12333,6,3
12336,1,11
12342,2,3
12347,3,11
12353,4,10
12355,5,11
12357,6,3
12360,1,3
12366,2,11
12371,3,11
12377,4,15
12379,5,11
12381,6,15
12384,1,11
12390,2,3
12395,3,11
12401,4,3
12403,5,11
12405,6,15
12408,1,11
12414,2,3
12419,3,11
12425,4,10
12427,5,11
12429,6,15
12432,1,15
12438,2,2
12443,3,11
12449,4,11
12451,5,11
12453,6,11
12456,1,11
12462,2,3
12467,3,11
12473,4,11
12475,5,15
12477,6,2
12480,1,11
12486,2,3
12491,3,11
12497,4,2
12499,5,11
12501,6,2
12504,1,2
12510,2,15
12515,3,11
12521,4,11
12523,5,11
12525,6,11
12528,1,11
12534,2,15
12539,3,11
12545,4,9
12547,5,11
12549,6,3
12552,1,11
12558,2,3
12563,3,11
12569,4,3
12571,5,11
12573,6,2
12576,1,15
12582,2,2
12587,3,11
12593,4,11
12595,5,11
12597,6,11
12600,1,2
12606,2,3
12611,3,11
12617,4,11
12619,5,11
12621,6,11
12624,1,11
12630,2,15
12635,3,11
12641,4,3
12643,5,11
12645,6,15
12648,1,11
12654,2,15
12659,3,11
12665,4,11
12667,5,3
12669,6,3
12672,1,2
12678,2,15
12683,3,11
12689,4,11
12691,5,11
12693,6,11
12696,1,11
12702,2,3
12707,3,11
12713,4,11
12715,5,15
12717,6,15
12720,1,15
12726,2,3
12731,3,11
12737,4,11
12739,5,11
12741,6,11
12744,1,11
12750,2,3
12755,3,11
12761,4,11
12763,5,3
12765,6,15
12768,1,11
12774,2,3
12779,3,11
12785,4,15
12787,5,11
12789,6,3
12792,1,3
12798,2,11
12803,3,11
12809,4,3
12811,5,11
12813,6,3
12816,1,11
12822,2,3
12827,3,11
12833,4,15
12835,5,11
12837,6,3
12840,1,11
12846,2,15
12851,3,11
12857,4,11
12859,5,3
12861,6,3
12864,1,11
12870,2,15
12875,3,11
12881,4,15
12883,5,11
12885,6,15
12888,1,11
12894,2,15
12899,3,11
12905,4,3
12907,5,11
12909,6,15
12912,1,15
12918,2,2
12923,3,11
12929,4,11
12931,5,11
12933,6,11
12936,1,11
12942,2,15
12947,3,11
12953,4,2
12955,5,11
12957,6,3
12960,1,11
12966,2,3
12971,3,11
12977,4,3
12979,5,11
12981,6,15
12984,1,11
12990,2,15
12995,3,11
13001,4,2
13003,5,11
13005,6,15
13008,1,3
13014,2,11
13019,3,11
13025,4,15
13027,5,11
13029,6,15
13032,1,3
13038,2,11
13043,3,11
13049,4,2
13051,5,11
13053,6,3
13056,1,3
13062,2,11
13067,3,11
13073,4,3
13075,5,11
13077,6,15
13080,1,2
13086,2,15
13091,3,11
13097,4,11
13099,5,11
13101,6,11
13104,1,11
13110,2,3
13115,3,11
13121,4,2
13123,5,11
13125,6,3
13128,1,11
13134,2,15
13139,3,11
13145,4,11
13147,5,15
13149,6,15
13152,1,11
13158,2,15
13163,3,11
13169,4,2
13171,5,11
13173,6,15
13176,1,11
13182,2,15
13187,3,3
13193,4,11
13195,5,11
13197,6,11
13200,1,11
13206,2,15
13211,3,11
13217,4,2
13219,5,11
13221,6,15
13224,1,2
13230,2,3
13235,3,11
13241,4,11
13243,5,11
13245,6,11
13248,1,11
13254,2,3
13259,3,15
13265,4,11
13267,5,11
13269,6,11
13272,1,2
13278,2,15
13283,3,11
13289,4,11
13291,5,11
13293,6,11
13296,1,11
13302,2,3
13307,3,11
13313,4,3
13315,5,11
13317,6,3
13320,1,11
13326,2,15
13331,3,15
13337,4,11
13339,5,11
13341,6,11
13344,1,3
13350,2,11
13355,3,11
13361,4,2
13363,5,11
13365,6,15
13368,1,11
13374,2,3
13379,3,11
13385,4,11
13387,5,15
13389,6,15
13392,1,3
13398,2,15
13403,3,11
13409,4,11
13411,5,11
13413,6,11
13416,1,11
13422,2,15
13427,3,11
13433,4,3
13435,5,11
13437,6,15
13440,1,15
13446,2,15
13451,3,11
13457,4,11
13459,5,11
13461,6,11
13464,1,11
13470,2,15
13475,3,11
13481,4,15
13483,5,11
13485,6,15
13488,1,11
13494,2,15
13499,3,11
13505,4,15
13507,5,11
13509,6,2
13512,1,11
13518,2,3
13523,3,11
13529,4,15
13531,5,11
13533,6,2
13536,1,15
13542,2,11
13547,3,11
13553,4,15
13555,5,11
13557,6,3
13560,1,11
13566,2,3
13571,3,11
13577,4,15
13579,5,11
13581,6,3
13584,1,11
13590,2,3
13595,3,11
13601,4,3
13603,5,11
13605,6,3
13608,1,11
13614,2,3
13619,3,11
13625,4,10
13627,5,11
13629,6,3
13632,1,11
13638,2,15
13643,3,11
13649,4,3
13651,5,11
13653,6,2
13656,1,11
13662,2,2
13667,3,11
13673,4,15
13675,5,11
13677,6,3
13680,1,11
13686,2,3
13691,3,11
13697,4,3
13699,5,11
13701,6,2
13704,1,11
13710,2,15
13715,3,11
13721,4,15
13723,5,11
13725,6,3
13728,1,11
13734,2,15
13739,3,11
13745,4,11
13747,5,15
13749,6,3
13752,1,11
13758,2,3
13763,3,3
13769,4,11
13771,5,11
13773,6,11
13776,1,3
13782,2,11
13787,3,11
13793,4,15
13795,5,11
13797,6,15
13800,1,11
13806,2,2
13811,3,11
13817,4,15
13819,5,11
13821,6,15
13824,1,15
13830,2,15
13835,3,11
13841,4,11
13843,5,11
13845,6,11
13848,1,3
13854,2,11
13859,3,11
13865,4,3
13867,5,11
13869,6,2
13872,1,11
13878,2,3
13883,3,11
13889,4,2
13891,5,11
13893,6,3
13896,1,2
13902,2,15
13907,3,11
13913,4,11
13915,5,11
13917,6,11
13920,1,11
13926,2,15
13931,3,11
13937,4,15
13939,5,11
13941,6,15
13944,1,11
13950,2,15
13955,3,11
13961,4,3
13963,5,11
13965,6,15
13968,1,11
13974,2,3
13979,3,11
13985,4,11
13987,5,15
13989,6,3
13992,1,11
13998,2,3
14003,3,11
14009,4,10
14011,5,11
14013,6,3
14016,1,11
14022,2,3
14027,3,11
14033,4,2
14035,5,11
14037,6,3
14040,1,11
14046,2,15
14051,3,11
14057,4,3
14059,5,11
14061,6,15
14064,1,3
14070,2,11
14075,3,11
14081,4,11
14083,5,15
14085,6,3
14088,1,11
14094,2,15
14099,3,3
14105,4,11
14107,5,11
14109,6,11
14112,1,11
14118,2,3
14123,3,11
14129,4,2
14131,5,11
14133,6,3
14136,1,11
14142,2,3
14147,3,11
14153,4,11
14155,5,15
14157,6,15
14160,1,11
14166,2,2
14171,3,3
14177,4,11
14179,5,11
14181,6,11
14184,1,11
14190,2,3
14195,3,11
14201,4,11
14203,5,3
14205,6,15
14208,1,11
14214,2,3
14219,3,11
14225,4,3
14227,5,11
14229,6,2
14232,1,11
14238,2,3
14243,3,15
14249,4,11
14251,5,11
14253,6,11
14256,1,11
14262,2,15
14267,3,15
14273,4,11
14275,5,11
14277,6,11
14280,1,11
14286,2,3
14291,3,11
14297,4,11
14299,5,15
14301,6,15
14304,1,11
14310,2,3
14315,3,11
14321,4,11
14323,5,3
14325,6,15
14328,1,11
14334,2,15
14339,3,11
14345,4,15
14347,5,11
14349,6,2
14352,1,11
14358,2,3
14363,3,15
14369,4,11
14371,5,11
14373,6,11
14376,1,3
14382,2,15
14387,3,11
14393,4,11
14395,5,11
14397,6,11
14400,1,11
14406,2,3
14411,3,11
14417,4,15
14419,5,11
14421,6,3
14424,1,11
14430,2,2
14435,3,11
14441,4,11
14443,5,3
14445,6,3
14448,1,11
14454,2,3
14459,3,3
14465,4,11
14467,5,11
14469,6,11
14472,1,11
14478,2,15
14483,3,15
14489,4,11
14491,5,11
14493,6,11
14496,1,11
14502,2,15
14507,3,11
14513,4,3
14515,5,11
14517,6,15
14520,1,11
14526,2,15
14531,3,11
14537,4,15
14539,5,11
14541,6,3
14544,1,11
14550,2,15
14555,3,11
14561,4,2
14563,5,11
14565,6,3
14568,1,11
14574,2,15
14579,3,11
14585,4,15
14587,5,11
14589,6,15
14592,1,15
14598,2,3
14603,3,11
14609,4,11
14611,5,11
14613,6,11
14616,1,11
14622,2,3
14627,3,11
14633,4,11
14635,5,15
14637,6,15
14640,1,11
14646,2,3
14651,3,11
14657,4,11
14659,5,2
14661,6,15
14664,1,11
14670,2,3
14675,3,3
14681,4,11
14683,5,11
14685,6,11
14688,1,11
14694,2,15
14699,3,11
14705,4,11
14707,5,15
14709,6,15
14712,1,3
14718,2,11
14723,3,11
14729,4,2
14731,5,11
14733,6,3
14736,1,11
14742,2,3
14747,3,11
14753,4,11
14755,5,15
14757,6,15
14760,1,15
14766,2,15
14771,3,11
14777,4,11
14779,5,11
14781,6,11
14784,1,11
14790,2,15
14795,3,11
14801,4,3
14803,5,11
14805,6,15
14808,1,11
14814,2,15
14819,3,11
14825,4,2
14827,5,11
14829,6,15
14832,1,11
14838,2,2
14843,3,3
14849,4,11
14851,5,11
14853,6,11
14856,1,11
14862,2,15
14867,3,11
14873,4,3
14875,5,11
14877,6,15
14880,1,11
14886,2,15
14891,3,11
14897,4,10
14899,5,11
14901,6,3
14904,1,11
14910,2,3
14915,3,11
14921,4,11
14923,5,15
14925,6,15
14928,1,3
14934,2,11
14939,3,11
14945,4,3
14947,5,11
14949,6,15
14952,1,3
14958,2,11
14963,3,11
14969,4,2
14971,5,11
14973,6,15
14976,1,11
14982,2,2
14987,3,3
14993,4,11
14995,5,11
14997,6,11
15000,1,11
15006,2,15
15011,3,11
15017,4,3
15019,5,11
15021,6,2
15024,1,11
15030,2,2
15035,3,11
15041,4,15
15043,5,11
15045,6,3
15048,1,3
15054,2,15
15059,3,11
15065,4,11
15067,5,11
15069,6,11
15072,1,11
15078,2,15
15083,3,11
15089,4,15
15091,5,11
15093,6,3
15096,1,15
15102,2,3
15107,3,11
15113,4,11
15115,5,11
15117,6,11
15120,1,11
15126,2,15
15131,3,11
15137,4,11
15139,5,15
15141,6,3
15144,1,11
15150,2,3
15155,3,15
15161,4,11
15163,5,11
15165,6,11
15168,1,15
15174,2,15
15179,3,11
15185,4,11
15187,5,11
15189,6,11
15192,1,3
15198,2,11
15203,3,11
15209,4,3
15211,5,11
15213,6,2
15216,1,11
15222,2,3
15227,3,11
15233,4,11
15235,5,15
15237,6,3
15240,1,11
15246,2,15
15251,3,11
15257,4,2
15259,5,11
15261,6,3
15264,1,11
15270,2,15
15275,3,11
15281,4,2
15283,5,11
15285,6,2
15288,1,11
15294,2,3
15299,3,11
15305,4,11
15307,5,15
15309,6,15
15312,1,11
15318,2,15
15323,3,11
15329,4,3
15331,5,11
15333,6,15
15336,1,15
15342,2,15
15347,3,11
15353,4,11
15355,5,11
15357,6,11
15360,1,11
15366,2,3
15371,3,11
15377,4,2
15379,5,11
15381,6,3
15384,1,11
15390,2,3
15395,3,11
15401,4,11
15403,5,15
15405,6,15
15408,1,11
15414,2,15
15419,3,11
15425,4,15
15427,5,11
15429,6,3
15432,1,11
15438,2,3
15443,3,11
15449,4,3
15451,5,11
15453,6,3
15456,1,11
15462,2,3
15467,3,15
15473,4,11
15475,5,11
15477,6,11
15480,1,3
15486,2,11
15491,3,11
15497,4,11
15499,5,15
15501,6,3
15504,1,11
15510,2,15
15515,3,11
15521,4,11
15523,5,15
15525,6,3
15528,1,11
15534,2,3
15539,3,11
15545,4,11
15547,5,3
15549,6,15
15552,1,11
15558,2,3
15563,3,11
15569,4,3
15571,5,11
15573,6,3
15576,1,3
15582,2,11
15587,3,11
15593,4,15
15595,5,11
15597,6,3
15600,1,11
15606,2,15
15611,3,11
15617,4,2
15619,5,11
15621,6,3
15624,1,15
15630,2,15
15635,3,11
15641,4,11
15643,5,11
15645,6,11
15648,1,15
15654,2,3
15659,3,11
15665,4,11
15667,5,11
15669,6,11
15672,1,11
15678,2,15
15683,3,11
15689,4,15
15691,5,11
15693,6,15
15696,1,11
15702,2,15
15707,3,11
15713,4,3
15715,5,11
15717,6,15
15720,1,2
15726,2,2
15731,3,11
15737,4,11
15739,5,11
15741,6,11
15744,1,11
15750,2,15
15755,3,11
15761,4,3
15763,5,11
15765,6,15
15768,1,11
15774,2,15
15779,3,11
15785,4,2
15787,5,11
15789,6,15
15792,1,3
15798,2,3
15803,3,11
15809,4,11
15811,5,11
15813,6,11
15816,1,11
15822,2,2
15827,3,11
15833,4,11
15835,5,3
15837,6,3
15840,1,11
15846,2,15
15851,3,11
15857,4,3
15859,5,11
15861,6,3
15864,1,11
15870,2,15
15875,3,11
15881,4,15
15883,5,11
15885,6,15
15888,1,3
15894,2,15
15899,3,11
15905,4,11
15907,5,11
15909,6,11
15912,1,11
15918,2,15
15923,3,11
15929,4,15
15931,5,11
15933,6,3
15936,1,11
15942,2,3
15947,3,11
15953,4,11
15955,5,2
15957,6,15
15960,1,11
15966,2,15
15971,3,11
15977,4,3
15979,5,11
15981,6,15
15984,1,3
15990,2,11
15995,3,11
16001,4,3
16003,5,11
16005,6,3
16008,1,3
16014,2,11
16019,3,11
16025,4,15
16027,5,11
16029,6,15
16032,1,11
16038,2,3
16043,3,15
16049,4,11
16051,5,11
16053,6,11
16056,1,11
16062,2,15
16067,3,11
16073,4,3
16075,5,11
16077,6,2
16080,1,11
16086,2,15
16091,3,11
16097,4,2
16099,5,11
16101,6,3
16104,1,11
16110,2,15
16115,3,11
16121,4,15
16123,5,11
16125,6,3
16128,1,11
16134,2,3
16139,3,15
16145,4,11
16147,5,11
16149,6,11
16152,1,11
16158,2,3
16163,3,11
16169,4,11
16171,5,15
16173,6,15
16176,1,11
16182,2,3
16187,3,11
16193,4,11
16195,5,2
16197,6,15
16200,1,15
16206,2,3
16211,3,11
16217,4,11
16219,5,11
16221,6,11
16224,1,11
16230,2,3
16235,3,11
16241,4,11
16243,5,15
16245,6,2
16248,1,11
16254,2,3
16259,3,11
16265,4,11
16267,5,3
16269,6,2
16272,1,11
16278,2,3
16283,3,11
16289,4,11
16291,5,15
16293,6,15
16296,1,11
16302,2,15
16307,3,3
16313,4,11
16315,5,11
16317,6,11
16320,1,11
16326,2,15
16331,3,11
16337,4,15
16339,5,11
16341,6,15
16344,1,11
16350,2,3
16355,3,15
16361,4,11
16363,5,11
16365,6,11
16368,1,2
16374,2,2
16379,3,11
16385,4,11
16387,5,11
16389,6,11
16392,1,11
16398,2,15
16403,3,11
16409,4,3
16411,5,11
16413,6,15
16416,1,11
16422,2,3
16427,3,11
16433,4,11
16435,5,3
16437,6,15
16440,1,15
16446,2,3
16451,3,11
16457,4,11
16459,5,11
16461,6,11
16464,1,3
16470,2,3
16475,3,11
16481,4,11
16483,5,11
16485,6,11
16488,1,11
16494,2,15
16499,3,11
16505,4,11
16507,5,3
16509,6,15
16512,1,3
16518,2,11
16523,3,11
16529,4,3
16531,5,11
16533,6,15
16536,1,11
16542,2,15
16547,3,11
16553,4,15
16555,5,11
16557,6,3
16560,1,11
16566,2,15
16571,3,11
16577,4,10
16579,5,11
16581,6,3
16584,1,11
16590,2,3
16595,3,11
16601,4,11
16603,5,2
16605,6,15
16608,1,15
16614,2,15
16619,3,11
16625,4,11
16627,5,11
16629,6,11
16632,1,11
16638,2,15
16643,3,11
16649,4,3
16651,5,11
16653,6,3
16656,1,11
16662,2,3
16667,3,11
16673,4,3
16675,5,11
16677,6,3
16680,1,11
16686,2,3
16691,3,11
16697,4,11
16699,5,2
16701,6,15
16704,1,15
16710,2,3
16715,3,11
16721,4,11
16723,5,11
16725,6,11
16728,1,11
16734,2,3
16739,3,11
16745,4,11
16747,5,9
16749,6,3
16752,1,3
16758,2,11
16763,3,11
16769,4,3
16771,5,11
16773,6,3
16776,1,11
16782,2,3
16787,3,11
16793,4,11
16795,5,15
16797,6,2
16800,1,15
16806,2,15
16811,3,11
16817,4,11
16819,5,11
16821,6,11
16824,1,11
16830,2,3
16835,3,11
16841,4,11
16843,5,15
16845,6,15
16848,1,3
16854,2,15
16859,3,11
16865,4,11
16867,5,11
16869,6,11
16872,1,15
16878,2,11
16883,3,11
16889,4,15
16891,5,11
16893,6,3
16896,1,11
16902,2,15
16907,3,11
16913,4,15
16915,5,11
16917,6,3
16920,1,3
16926,2,11
16931,3,11
16937,4,15
16939,5,11
16941,6,3
16944,1,11
16950,2,15
16955,3,11
16961,4,3
16963,5,11
16965,6,2
16968,1,11
16974,2,15
16979,3,11
16985,4,11
16987,5,15
16989,6,3
16992,1,11
16998,2,3
17003,3,11
17009,4,3
17011,5,11
17013,6,3
17016,1,3
17022,2,11
17027,3,11
17033,4,3
17035,5,11
17037,6,3
17040,1,11
17046,2,15
17051,3,11
17057,4,2
17059,5,11
17061,6,3
17064,1,11
17070,2,15
17075,3,11
17081,4,15
17083,5,11
17085,6,15
17088,1,15
17094,2,3
17099,3,11
17105,4,11
17107,5,11
17109,6,11
17112,1,11
17118,2,15
17123,3,11
17129,4,3
17131,5,11
17133,6,3
17136,1,3
17142,2,15
17147,3,11
17153,4,11
17155,5,11
17157,6,11
17160,1,15
17166,2,11
17171,3,11
17177,4,3
17179,5,11
17181,6,15
17184,1,11
17190,2,15
17195,3,11
17201,4,2
17203,5,11
17205,6,3
17208,1,11
17214,2,3
17219,3,11
17225,4,11
17227,5,2
17229,6,3
17232,1,11
17238,2,15
17243,3,11
17249,4,3
17251,5,11
17253,6,15
17256,1,3
17262,2,11
17267,3,11
17273,4,3
17275,5,11
17277,6,15
17280,1,15
17286,2,15
17291,3,11
17297,4,11
17299,5,11
17301,6,11
17304,1,11
17310,2,15
17315,3,11
17321,4,15
17323,5,11
17325,6,3
17328,1,11
17334,2,15
17339,3,11
17345,4,3
17347,5,11
17349,6,15
17352,1,11
17358,2,15
17363,3,11
17369,4,11
17371,5,15
17373,6,3
17376,1,11
17382,2,15
17387,3,3
17393,4,11
17395,5,11
17397,6,11
17400,1,3
17406,2,11
17411,3,11
17417,4,15
17419,5,11
17421,6,15
17424,1,11
17430,2,15
17435,3,11
17441,4,2
17443,5,11
17445,6,3
17448,1,11
17454,2,15
17459,3,11
17465,4,3
17467,5,11
17469,6,3
17472,1,11
17478,2,15
17483,3,11
17489,4,15
17491,5,11
17493,6,15
17496,1,11
17502,2,15
17507,3,11
17513,4,2
17515,5,11
17517,6,15
17520,1,11
17526,2,3
17531,3,11
17537,4,11
17539,5,2
17541,6,15
17544,1,11
17550,2,15
17555,3,3
17561,4,11
17563,5,11
17565,6,11
17568,1,11
17574,2,2
17579,3,11
17585,4,3
17587,5,11
17589,6,15
17592,1,11
17598,2,15
17603,3,3
17609,4,11
17611,5,11
17613,6,11
17616,1,3
17622,2,11
17627,3,11
17633,4,3
17635,5,11
17637,6,3
17640,1,11
17646,2,3
17651,3,11
17657,4,9
17659,5,11
17661,6,15
17664,1,3
17670,2,11
17675,3,11
17681,4,15
17683,5,11
17685,6,15
17688,1,11
17694,2,3
17699,3,11
17705,4,11
17707,5,3
17709,6,15
17712,1,15
17718,2,11
17723,3,11
17729,4,15
17731,5,11
17733,6,3
17736,1,11
17742,2,15
17747,3,3
17753,4,11
17755,5,11
17757,6,11
17760,1,3
17766,2,15
17771,3,11
17777,4,11
17779,5,11
17781,6,11
17784,1,11
17790,2,15
17795,3,11
17801,4,15
17803,5,11
17805,6,3
17808,1,3
17814,2,11
17819,3,11
17825,4,15
17827,5,11
17829,6,3
17832,1,11
17838,2,3
17843,3,11
17849,4,11
17851,5,15
17853,6,2
17856,1,15
17862,2,15
17867,3,11
17873,4,11
17875,5,11
17877,6,11
17880,1,11
17886,2,15
17891,3,11
17897,4,11
17899,5,3
17901,6,15
17904,1,11
17910,2,3
17915,3,11
17921,4,11
17923,5,3
17925,6,2
17928,1,3
17934,2,15
17939,3,11
17945,4,11
17947,5,11
17949,6,11
17952,1,11
17958,2,3
17963,3,11
17969,4,15
17971,5,11
17973,6,3
17976,1,11
17982,2,15
17987,3,11
17993,4,3
17995,5,11
17997,6,2
18000,1,11
18006,2,3
18011,3,11
18017,4,11
18019,5,3
18021,6,15
18024,1,11
18030,2,3
18035,3,11
18041,4,15
18043,5,11
18045,6,15
18048,1,11
18054,2,15
18059,3,11
18065,4,11
18067,5,3
18069,6,15
18072,1,11
18078,2,15
18083,3,3
18089,4,11
18091,5,11
18093,6,11
18096,1,3
18102,2,11
18107,3,3
18113,4,11
18115,5,11
18117,6,11
18120,1,11
18126,2,3
18131,3,11
18137,4,2
18139,5,11
18141,6,15
18144,1,11
18150,2,3
18155,3,11
18161,4,2
18163,5,11
18165,6,3
18168,1,11
18174,2,3
18179,3,11
18185,4,11
18187,5,2
18189,6,15
18192,1,11
18198,2,3
18203,3,3
18209,4,11
18211,5,11
18213,6,11
18216,1,11
18222,2,15
18227,3,11
18233,4,3
18235,5,11
18237,6,3
18240,1,11
18246,2,3
18251,3,11
18257,4,11
18259,5,2
18261,6,2
18264,1,11
18270,2,3
18275,3,11
18281,4,11
18283,5,2
18285,6,15
18288,1,11
18294,2,3
18299,3,11
18305,4,11
18307,5,9
18309,6,3
18312,1,11
18318,2,15
18323,3,11
18329,4,3
18331,5,11
18333,6,3
18336,1,3
18342,2,15
18347,3,11
18353,4,11
18355,5,11
18357,6,11
18360,1,11
18366,2,15
18371,3,11
18377,4,15
18379,5,11
18381,6,15
18384,1,3
18390,2,11
18395,3,11
18401,4,3
18403,5,11
18405,6,3
18408,1,11
18414,2,3
18419,3,11
18425,4,11
18427,5,3
18429,6,15
18432,1,11
18438,2,15
18443,3,11
18449,4,2
18451,5,11
18453,6,3
18456,1,11
18462,2,3
18467,3,11
18473,4,11
18475,5,15
18477,6,2
18480,1,3
18486,2,11
18491,3,11
18497,4,15
18499,5,11
18501,6,3
18504,1,11
18510,2,15
18515,3,3
18521,4,11
18523,5,11
18525,6,11
18528,1,11
18534,2,3
18539,3,11
18545,4,11
18547,5,3
18549,6,3
18552,1,11
18558,2,15
18563,3,11
18569,4,11
18571,5,15
18573,6,15
18576,1,15
18582,2,2
18587,3,11
18593,4,11
18595,5,11
18597,6,11
18600,1,11
18606,2,15
18611,3,11
18617,4,11
18619,5,3
18621,6,15
18624,1,11
18630,2,3
18635,3,11
18641,4,15
18643,5,11
18645,6,2
18648,1,15
18654,2,11
18659,3,11
18665,4,15
18667,5,11
18669,6,3
18672,1,11
18678,2,3
18683,3,11
18689,4,3
18691,5,11
18693,6,2
18696,1,11
18702,2,2
18707,3,11
18713,4,15
18715,5,11
18717,6,3
18720,1,11
18726,2,15
18731,3,11
18737,4,15
18739,5,11
18741,6,15
18744,1,11
18750,2,15
18755,3,11
18761,4,3
18763,5,11
18765,6,3
18768,1,3
18774,2,11
18779,3,11
18785,4,11
18787,5,3
18789,6,15
18792,1,15
18798,2,15
18803,3,11
18809,4,11
18811,5,11
18813,6,11
18816,1,11
18822,2,3
18827,3,11
18833,4,11
18835,5,2
18837,6,3
18840,1,15
18846,2,2
18851,3,11
18857,4,11
18859,5,11
18861,6,11
18864,1,11
18870,2,2
18875,3,11
18881,4,15
18883,5,11
18885,6,15
18888,1,15
18894,2,11
18899,3,11
18905,4,3
18907,5,11
18909,6,15
18912,1,11
18918,2,2
18923,3,11
18929,4,3
18931,5,11
18933,6,15
18936,1,11
18942,2,15
18947,3,11
18953,4,11
18955,5,15
18957,6,3
18960,1,15
18966,2,15
18971,3,11
18977,4,11
18979,5,11
18981,6,11
18984,1,15
18990,2,11
18995,3,11
19001,4,2
19003,5,11
19005,6,3
19008,1,11
19014,2,2
19019,3,11
19025,4,3
19027,5,11
19029,6,15
19032,1,2
19038,2,15
19043,3,11
19049,4,11
19051,5,11
19053,6,11
19056,1,11
19062,2,3
19067,3,11
19073,4,11
19075,5,15
19077,6,15
19080,1,11
19086,2,15
19091,3,11
19097,4,2
19099,5,11
19101,6,3
19104,1,3
19110,2,11
19115,3,11
19121,4,2
19123,5,11
19125,6,3
19128,1,11
19134,2,3
19139,3,11
19145,4,9
19147,5,11
19149,6,15
19152,1,3
19158,2,11
19163,3,11
19169,4,15
19171,5,11
19173,6,15
19176,1,11
19182,2,15
19187,3,11
19193,4,3
19195,5,11
19197,6,3
19200,1,11
19206,2,3
19211,3,2
19217,4,11
19219,5,11
19221,6,11
19224,1,11
19230,2,3
19235,3,11
19241,4,9
19243,5,11
19245,6,15
19248,1,11
19254,2,3
19259,3,3
19265,4,11
19267,5,11
19269,6,11
19272,1,3
19278,2,11
19283,3,3
19289,4,11
19291,5,11
19293,6,11
19296,1,11
19302,2,3
19307,3,11
19313,4,15
19315,5,11
19317,6,3
19320,1,11
19326,2,15
19331,3,11
19337,4,3
19339,5,11
19341,6,15
19344,1,11
19350,2,15
19355,3,11
19361,4,11
19363,5,15
19365,6,3
19368,1,11
19374,2,15
19379,3,11
19385,4,3
19387,5,11
19389,6,3
19392,1,11
19398,2,3
19403,3,11
19409,4,11
19411,5,3
19413,6,15
19416,1,11
19422,2,3
19427,3,3
19433,4,11
19435,5,11
19437,6,11
19440,1,11
19446,2,3
19451,3,11
19457,4,11
19459,5,15
19461,6,3
19464,1,11
19470,2,15
19475,3,11
19481,4,11
19483,5,15
19485,6,15
19488,1,11
19494,2,3
19499,3,11
19505,4,15
19507,5,11
19509,6,2
19512,1,11
19518,2,3
19523,3,11
19529,4,11
19531,5,3
19533,6,3
19536,1,3
19542,2,11
19547,3,11
19553,4,11
19555,5,15
19557,6,3
19560,1,15
19566,2,11
19571,3,11
19577,4,15
19579,5,11
19581,6,3
19584,1,11
19590,2,15
19595,3,11
19601,4,11
19603,5,3
19605,6,15
19608,1,11
19614,2,15
19619,3,3
19625,4,11
19627,5,11
19629,6,11
19632,1,11
19638,2,2
19643,3,11
19649,4,15
19651,5,11
19653,6,3
19656,1,3
19662,2,11
19667,3,3
19673,4,11
19675,5,11
19677,6,11
19680,1,11
19686,2,3
19691,3,11
19697,4,2
19699,5,11
19701,6,15
19704,1,11
19710,2,3
19715,3,11
19721,4,11
19723,5,10
19725,6,3
19728,1,11
19734,2,3
19739,3,11
19745,4,15
19747,5,11
19749,6,3
19752,1,11
19758,2,15
19763,3,11
19769,4,15
19771,5,11
19773,6,2
19776,1,11
19782,2,15
19787,3,3
19793,4,11
19795,5,11
19797,6,11
19800,1,11
19806,2,2
19811,3,11
19817,4,15
19819,5,11
19821,6,15
19824,1,15
19830,2,15
19835,3,11
19841,4,11
19843,5,11
19845,6,11
19848,1,11
19854,2,3
19859,3,15
19865,4,11
19867,5,11
19869,6,11
19872,1,3
19878,2,11
19883,3,11
19889,4,15
19891,5,11
19893,6,2
19896,1,11
19902,2,15
19907,3,11
19913,4,15
19915,5,11
19917,6,15
19920,1,11
19926,2,3
19931,3,11
19937,4,2
19939,5,11
19941,6,15
19944,1,15
19950,2,15
19955,3,11
19961,4,11
19963,5,11
19965,6,11
19968,1,11
19974,2,15
19979,3,11
19985,4,15
19987,5,11
19989,6,15
19992,1,3
19998,2,2
20003,3,11
20009,4,11
20011,5,11
20013,6,11
20016,1,11
20022,2,3
20027,3,11
20033,4,11
20035,5,3
20037,6,15
20040,1,11
20046,2,3
20051,3,11
20057,4,11
20059,5,2
20061,6,2
20064,1,11
20070,2,3
20075,3,2
20081,4,11
20083,5,11
20085,6,11
20088,1,11
20094,2,15
20099,3,11
20105,4,11
20107,5,15
20109,6,3
20112,1,11
20118,2,3
20123,3,15
20129,4,11
20131,5,11
20133,6,11
20136,1,2
20142,2,3
20147,3,11
20153,4,11
20155,5,11
20157,6,11
20160,1,11
20166,2,3
20171,3,11
20177,4,9
20179,5,11
20181,6,3
20184,1,11
20190,2,3
20195,3,11
20201,4,11
20203,5,3
20205,6,2
20208,1,11
20214,2,3
20219,3,15
20225,4,11
20227,5,11
20229,6,11
20232,1,11
20238,2,3
20243,3,11
20249,4,11
20251,5,15
20253,6,3
20256,1,11
20262,2,3
20267,3,11
20273,4,11
20275,5,3
20277,6,15
20280,1,11
20286,2,3
20291,3,2
20297,4,11
20299,5,11
20301,6,11
20304,1,3
20310,2,11
20315,3,11
20321,4,11
20323,5,15
20325,6,3
20328,1,11
20334,2,3
20339,3,11
20345,4,9
20347,5,11
20349,6,15
20352,1,11
20358,2,3
20363,3,11
20369,4,11
20371,5,3
20373,6,3
20376,1,11
20382,2,15
20387,3,11
20393,4,3
20395,5,11
20397,6,3
20400,1,11
20406,2,15
20411,3,11
20417,4,11
20419,5,3
20421,6,2
20424,1,2
20430,2,15
20435,3,11
20441,4,11
20443,5,11
20445,6,11
20448,1,11
20454,2,3
20459,3,11
20465,4,10
20467,5,11
20469,6,15
20472,1,11
20478,2,15
20483,3,11
20489,4,11
20491,5,15
20493,6,15
20496,1,11
20502,2,15
20507,3,11
20513,4,11
20515,5,3
20517,6,15
20520,1,11
20526,2,15
20531,3,11
20537,4,3
20539,5,11
20541,6,3
20544,1,11
20550,2,15
20555,3,11
20561,4,15
20563,5,11
20565,6,15
20568,1,11
20574,2,3
20579,3,11
20585,4,11
20587,5,15
20589,6,15
20592,1,3
20598,2,2
20603,3,11
20609,4,11
20611,5,11
20613,6,11
20616,1,3
20622,2,11
20627,3,11
20633,4,11
20635,5,3
20637,6,3
20640,1,11
20646,2,3
20651,3,11
20657,4,3
20659,5,11
20661,6,2
20664,1,11
20670,2,2
20675,3,11
20681,4,15
20683,5,11
20685,6,3
20688,1,3
20694,2,11
20699,3,11
20705,4,11
20707,5,3
20709,6,15
20712,1,11
20718,2,15
20723,3,11
20729,4,11
20731,5,3
20733,6,15
20736,1,11
20742,2,3
20747,3,11
20753,4,11
20755,5,3
20757,6,3
20760,1,11
20766,2,2
20771,3,11
20777,4,2
20779,5,11
20781,6,3
20784,1,11
20790,2,2
20795,3,11
20801,4,3
20803,5,11
20805,6,15
20808,1,11
20814,2,3
20819,3,11
20825,4,11
20827,5,15
20829,6,15
20832,1,15
20838,2,2
20843,3,11
20849,4,11
20851,5,11
20853,6,11
20856,1,15
20862,2,11
20867,3,11
20873,4,3
20875,5,11
20877,6,3
20880,1,11
20886,2,3
20891,3,11
20897,4,2
20899,5,11
20901,6,2
20904,1,15
20910,2,11
20915,3,11
20921,4,2
20923,5,11
20925,6,3
20928,1,11
20934,2,2
20939,3,11
20945,4,11
20947,5,15
20949,6,3
20952,1,11
20958,2,15
20963,3,11
20969,4,3
20971,5,11
20973,6,3
20976,1,3
20982,2,11
20987,3,11
20993,4,3
20995,5,11
20997,6,3
21000,1,15
21006,2,11
21011,3,11
21017,4,3
21019,5,11
21021,6,3
21024,1,11
21030,2,3
21035,3,11
21041,4,9
21043,5,11
21045,6,15
21048,1,11
21054,2,3
21059,3,15
21065,4,11
21067,5,11
21069,6,11
21072,1,3
21078,2,2
21083,3,11
21089,4,11
21091,5,11
21093,6,11
21096,1,11
21102,2,15
21107,3,11
21113,4,11
21115,5,2
21117,6,15
21120,1,11
21126,2,2
21131,3,11
21137,4,2
21139,5,11
21141,6,3
21144,1,3
21150,2,11
21155,3,11
21161,4,15
21163,5,11
21165,6,3
21168,1,11
21174,2,3
21179,3,3
21185,4,11
21187,5,11
21189,6,11
21192,1,2
21198,2,3
21203,3,11
21209,4,11
21211,5,11
21213,6,11
21216,1,11
21222,2,15
21227,3,15
21233,4,11
21235,5,11
21237,6,11
21240,1,15
21246,2,15
21251,3,11
21257,4,11
21259,5,11
21261,6,11
21264,1,11
21270,2,15
21275,3,11
21281,4,11
21283,5,15
21285,6,3
21288,1,11
21294,2,2
21299,3,11
21305,4,2
21307,5,11
21309,6,15
21312,1,2
21318,2,15
21323,3,11
21329,4,11
21331,5,11
21333,6,11
21336,1,11
21342,2,3
21347,3,11
21353,4,11
21355,5,2
21357,6,3
21360,1,15
21366,2,15
21371,3,11
21377,4,11
21379,5,11
21381,6,11
21384,1,3
21390,2,11
21395,3,11
21401,4,3
21403,5,11
21405,6,15
21408,1,3
21414,2,3
21419,3,11
21425,4,11
21427,5,11
21429,6,11
21432,1,11
21438,2,3
21443,3,15
21449,4,11
21451,5,11
21453,6,11
21456,1,11
21462,2,3
21467,3,11
21473,4,11
21475,5,15
21477,6,3
21480,1,11
21486,2,15
21491,3,11
21497,4,11
21499,5,15
21501,6,15
21504,1,11
21510,2,3
21515,3,11
21521,4,11
21523,5,3
21525,6,3
21528,1,3
21534,2,2
21539,3,11
21545,4,11
21547,5,11
21549,6,11
21552,1,3
21558,2,11
21563,3,11
21569,4,11
21571,5,15
21573,6,3
21576,1,11
21582,2,15
21587,3,11
21593,4,11
21595,5,15
21597,6,3
21600,1,11
21606,2,2
21611,3,11
21617,4,15
21619,5,11
21621,6,3
21624,1,11
21630,2,15
21635,3,11
21641,4,15
21643,5,11
21645,6,15
21648,1,11
21654,2,15
21659,3,11
21665,4,11
21667,5,3
21669,6,3
21672,1,11
21678,2,3
21683,3,11
21689,4,2
21691,5,11
21693,6,15
21696,1,11
21702,2,3
21707,3,11
21713,4,11
21715,5,10
21717,6,3
21720,1,11
21726,2,15
21731,3,11
21737,4,3
21739,5,11
21741,6,3
21744,1,11
21750,2,15
21755,3,11
21761,4,15
21763,5,11
21765,6,2
21768,1,11
21774,2,3
21779,3,11
21785,4,3
21787,5,11
21789,6,15
21792,1,11
21798,2,15
21803,3,11
21809,4,11
21811,5,2
21813,6,3
21816,1,3
21822,2,11
21827,3,11
21833,4,15
21835,5,11
21837,6,15
21840,1,11
21846,2,2
21851,3,11
21857,4,3
21859,5,11
21861,6,2
21864,1,11
21870,2,15
21875,3,11
21881,4,11
21883,5,2
21885,6,3
21888,1,11
21894,2,3
21899,3,11
21905,4,9
21907,5,11
21909,6,2
21912,1,3
21918,2,11
21923,3,11
21929,4,15
21931,5,11
21933,6,2
21936,1,11
21942,2,3
21947,3,11
21953,4,11
21955,5,10
21957,6,3
21960,1,3
21966,2,11
21971,3,11
21977,4,15
21979,5,11
21981,6,3
21984,1,11
21990,2,15
21995,3,3
22001,4,11
22003,5,11
22005,6,11
22008,1,11
22014,2,15
22019,3,11
22025,4,15
22027,5,11
22029,6,15
22032,1,11
22038,2,2
22043,3,3
22049,4,11
22051,5,11
22053,6,11
22056,1,11
22062,2,3
22067,3,11
22073,4,11
22075,5,2
22077,6,3
22080,1,11
22086,2,3
22091,3,11
22097,4,11
22099,5,3
22101,6,15
22104,1,3
22110,2,11
22115,3,11
22121,4,11
22123,5,2
22125,6,3
22128,1,11
22134,2,3
22139,3,11
22145,4,2
22147,5,11
22149,6,15
22152,1,15
22158,2,15
22163,3,11
22169,4,11
22171,5,11
22173,6,11
22176,1,11
22182,2,3
22187,3,11
22193,4,10
22195,5,11
22197,6,15
22200,1,11
22206,2,15
22211,3,11
22217,4,11
22219,5,15
22221,6,3
22224,1,11
22230,2,15
22235,3,3
22241,4,11
22243,5,11
22245,6,11
22248,1,11
22254,2,3
22259,3,11
22265,4,10
22267,5,11
22269,6,15
22272,1,11
22278,2,15
22283,3,11
22289,4,15
22291,5,11
22293,6,15
22296,1,11
22302,2,15
22307,3,3
22313,4,11
22315,5,11
22317,6,11
22320,1,11
22326,2,3
22331,3,11
22337,4,9
22339,5,11
22341,6,3
22344,1,11
22350,2,3
22355,3,11
22361,4,11
22363,5,3
22365,6,2
22368,1,15
22374,2,15
22379,3,11
22385,4,11
22387,5,11
22389,6,11
22392,1,3
22398,2,3
22403,3,11
22409,4,11
22411,5,11
22413,6,11
22416,1,11
22422,2,15
22427,3,11
22433,4,15
22435,5,11
22437,6,15
22440,1,11
22446,2,3
22451,3,11
22457,4,11
22459,5,15
22461,6,3
22464,1,11
22470,2,15
22475,3,11
22481,4,15
22483,5,11
22485,6,15
22488,1,11
22494,2,15
22499,3,11
22505,4,11
22507,5,3
22509,6,2
22512,1,3
22518,2,11
22523,3,11
22529,4,11
22531,5,15
22533,6,3
22536,1,11
22542,2,15
22547,3,11
22553,4,11
22555,5,15
22557,6,3
22560,1,11
22566,2,3
22571,3,11
22577,4,2
22579,5,11
22581,6,2
22584,1,11
22590,2,3
22595,3,11
22601,4,11
22603,5,15
22605,6,15
22608,1,3
22614,2,11
22619,3,11
22625,4,15
22627,5,11
22629,6,15
22632,1,11
22638,2,3
22643,3,11
22649,4,3
22651,5,11
22653,6,15
22656,1,11
22662,2,3
22667,3,11
22673,4,10
22675,5,11
22677,6,15
22680,1,11
22686,2,3
22691,3,15
22697,4,11
22699,5,11
22701,6,11
22704,1,11
22710,2,3
22715,3,3
22721,4,11
22723,5,11
22725,6,11
22728,1,15
22734,2,15
22739,3,11
22745,4,11
22747,5,11
22749,6,11
22752,1,11
22758,2,15
22763,3,11
22769,4,11
22771,5,3
22773,6,15
22776,1,11
22782,2,3
22787,3,11
22793,4,11
22795,5,3
22797,6,3
22800,1,11
22806,2,15
22811,3,15
22817,4,11
22819,5,11
22821,6,11
22824,1,11
22830,2,15
22835,3,11
22841,4,15
22843,5,11
22845,6,2
22848,1,15
22854,2,2
22859,3,11
22865,4,11
22867,5,11
22869,6,11
22872,1,11
22878,2,15
22883,3,3
22889,4,11
22891,5,11
22893,6,11
22896,1,11
22902,2,2
22907,3,11
22913,4,11
22915,5,15
22917,6,3
22920,1,11
22926,2,3
22931,3,11
22937,4,3
22939,5,11
22941,6,2
22944,1,15
22950,2,11
22955,3,11
22961,4,3
22963,5,11
22965,6,3
22968,1,11
22974,2,15
22979,3,11
22985,4,11
22987,5,2
22989,6,15
22992,1,11
22998,2,2
23003,3,11
23009,4,2
23011,5,11
23013,6,3
23016,1,15
23022,2,11
23027,3,11
23033,4,3
23035,5,11
23037,6,3
23040,1,11
23046,2,15
23051,3,11
23057,4,11
23059,5,3
23061,6,15
23064,1,11
23070,2,2
23075,3,11
23081,4,3
23083,5,11
23085,6,3
23088,1,3
23094,2,11
23099,3,11
23105,4,3
23107,5,11
23109,6,3
23112,1,11
23118,2,15
23123,3,11
23129,4,15
23131,5,11
23133,6,15
23136,1,11
23142,2,3
23147,3,11
23153,4,9
23155,5,11
23157,6,3
23160,1,11
23166,2,3
23171,3,11
23177,4,11
23179,5,2
23181,6,3
23184,1,11
23190,2,15
23195,3,11
23201,4,11
23203,5,3
23205,6,15
23208,1,11
23214,2,2
23219,3,11
23225,4,3
23227,5,11
23229,6,15
23232,1,11
23238,2,3
23243,3,11
23249,4,3
23251,5,11
23253,6,15
23256,1,2
23262,2,15
23267,3,11
23273,4,11
23275,5,11
23277,6,11
23280,1,3
23286,2,11
23291,3,11
23297,4,15
23299,5,11
23301,6,15
23304,1,15
23310,2,11
23315,3,11
23321,4,3
23323,5,11
23325,6,3
23328,1,3
23334,2,11
23339,3,11
23345,4,2
23347,5,11
23349,6,3
23352,1,11
23358,2,15
23363,3,11
23369,4,11
23371,5,15
23373,6,3
23376,1,11
23382,2,15
23387,3,11
23393,4,15
23395,5,11
23397,6,15
23400,1,11
23406,2,15
23411,3,11
23417,4,11
23419,5,3
23421,6,3
23424,1,11
23430,2,3
23435,3,11
23441,4,11
23443,5,15
23445,6,2
23448,1,11
23454,2,15
23459,3,11
23465,4,15
23467,5,11
23469,6,3
23472,1,15
23478,2,15
23483,3,11
23489,4,11
23491,5,11
23493,6,11
23496,1,11
23502,2,2
23507,3,3
23513,4,11
23515,5,11
23517,6,11
23520,1,11
23526,2,3
23531,3,11
23537,4,3
23539,5,11
23541,6,15
23544,1,11
23550,2,3
23555,3,11
23561,4,2
23563,5,11
23565,6,15
23568,1,11
23574,2,3
23579,3,15
23585,4,11
23587,5,11
23589,6,11
23592,1,11
23598,2,15
23603,3,11
23609,4,11
23611,5,2
23613,6,3
23616,1,15
23622,2,15
23627,3,11
23633,4,11
23635,5,11
23637,6,11
23640,1,3
23646,2,11
23651,3,11
23657,4,15
23659,5,11
23661,6,3
23664,1,11
23670,2,3
23675,3,11
23681,4,2
23683,5,11
23685,6,15
23688,1,11
23694,2,15
23699,3,11
23705,4,2
23707,5,11
23709,6,15
23712,1,3
23718,2,11
23723,3,11
23729,4,15
23731,5,11
23733,6,15
23736,1,11
23742,2,15
23747,3,11
23753,4,11
23755,5,2
23757,6,3
23760,1,11
23766,2,15
23771,3,11
23777,4,11
23779,5,15
23781,6,3
23784,1,11
23790,2,15
23795,3,11
23801,4,11
23803,5,3
23805,6,3
23808,1,11
23814,2,15
23819,3,11
23825,4,11
23827,5,15
23829,6,15
23832,1,15
23838,2,11
23843,3,11
23849,4,3
23851,5,11
23853,6,3
23856,1,15
23862,2,2
23867,3,11
23873,4,11
23875,5,11
23877,6,11
23880,1,11
23886,2,3
23891,3,11
23897,4,11
23899,5,10
23901,6,3
23904,1,11
23910,2,15
23915,3,11
23921,4,2
23923,5,11
23925,6,15
23928,1,15
23934,2,3
23939,3,11
23945,4,11
23947,5,11
23949,6,11
23952,1,11
23958,2,3
23963,3,11
23969,4,11
23971,5,2
23973,6,3
23976,1,11
23982,2,15
23987,3,11
23993,4,11
23995,5,3
23997,6,3
